,user_id,рекомендации
0,1,[ 931136 9527558  961554 1049998 1075074]
1,2,[ 940947 1133018 1026118  961554 1082185]
2,3,[1133018 1082185  995242  953476 1029743]
3,6,[ 995242 1137688 1119051 1133018  986912]
4,7,[1013321  938700 5568378  961554 1003188]
5,8,[1082185 1133018  857503  953476  976998]
6,9,[ 995242 1055646  883404 1133018 1037863]
7,10,[1029743  994928 1082185  995242 1075470]
8,13,[  985178 13512204  5978656 14025593   951197]
9,14,[ 846823  871756 1122358 1075470 1127758]
10,15,[1082185 1029743  968215  995242 1070820]
11,16,[ 2643986  2399507 12263788 12138402  1049478]
12,18,[ 925077 1128477 9677886 1137688  948420]
13,19,[1070015  923746  995242  826249  849843]
14,20,[10149303   944836   944454   913745  1002850]
15,21,[ 995242 1082185 1029743 6534178  938700]
16,22,[ 900311  944836 6534178 1082185  972445]
17,23,[1034176 6534178 6533889  995242 1055646]
18,24,[1082185 5568378 5569327  995242 1029743]
19,25,[ 929018 1012284 1003188 9487421  826249]
20,26,[ 938700 1070015 1013321 1062966 1050851]
21,27,[12673243  7409957 10182813  9245108  1077409]
22,28,[1082185  995242  866211  940947 1029743]
23,29,[1082185  995242 1029743  844179 1029624]
24,30,[1082185 6534178  995242 1029743  866211]
25,31,[ 819978 1082185 6534178 1040807  916122]
26,32,[ 972569 1003441  997506 1055853 1059891]
27,33,[ 871756 1082185  866211 5590695 5590613]
28,34,[1101010 1082185  995242  871756 5568378]
29,35,[1040807 6534178 1082185 1055646  866211]
30,36,[ 865233 7409970  951526  911215  929668]
31,37,[1067695 1097001  916990 1132956  965772]
32,39,[9526624 1082185 1127716  929668 1095040]
33,40,[ 1082185  5566884 12582106   926065   928263]
34,41,[ 1120009  1082185 12810393   844740  9651582]
35,42,[ 882941 6602697  897953  896369 5995177]
36,43,[1082185  995242 1098066  849843  923746]
37,46,[1082185 1042438  883932 1068719  899624]
38,47,[1082185 6534178  916122  981760 5978656]
39,49,[1014915  935200 1033846  900770 1101771]
40,50,[1082185  908531  995242  999090  844179]
41,51,[1082185  995242 6534178  981760 1055646]
42,52,[1056740 1082185  937403  995242 1013982]
43,53,[1082185 1105623  921197  927382 6534178]
44,55,[1082185  899624 1055646  995242  981760]
45,56,[ 881857  967994 1028621 1132231 1082185]
46,57,[  931108   947147   987237 12757506  6534178]
47,58,[ 953243  901666 1095275 1082185  977780]
48,59,[1082185 6534178 5978656  840361  995242]
49,62,[ 201704  197681  397896   27658 7413221]
50,63,[ 892144 7431408  895930 1052294  917033]
51,64,[ 976998  953476  894236 1082185 1123792]
52,65,[1082185 6534178 5978656 1029743  981760]
53,67,[1082185  983507 1104414 6534178 1100617]
54,68,[9526563 9526886 9527158 7167218 1082185]
55,69,[1053763 1050131  824555 1082185 1118598]
56,70,[1082185 1079528  879755 1065593 1133018]
57,71,[ 899624 1082185 6534178 1101010  916122]
58,72,[ 820165 1082185  976998  995242 1003188]
59,75,[ 801564  480014 5549815 5977100 6019592]
60,77,[1003188 1082185 6979128  955921 1013321]
61,78,[1039627 1082185 1097280  838739 5995503]
62,79,[1010164  864741 1082185  995242  862349]
63,80,[1003188  820165  901062  976065  986912]
64,81,[1082185  840361  995242 1042438  916381]
65,82,[1119761 1113111  917816 6534178 1072523]
66,83,[1082185  995242  862349 6534178  840361]
67,84,[1082185  995242  849843  840361 1044078]
68,85,[1139782 1082185 1003188  840361  995242]
69,86,[6534178 1082185  971922  995242 1101010]
70,87,[1079528 8293385 1030755 1008820 1018177]
71,88,[5580525  842416 1082185 1096036  992985]
72,90,[1082185 6534178 1027569  840361  862535]
73,91,[ 838637 1113667 1088147  895540 6534178]
74,92,[ 900802 1082185 1055646  923746  820165]
75,94,[1082185 6534178  979707  840361  995242]
76,95,[1082185 6534178  922561  908531 1018740]
77,97,[1082185  840361 6534178  962568  822407]
78,98,[ 847241 1091858 1128647  913202 1082185]
79,99,[1082185  916487  824073  849843 1096036]
80,100,[1082185 6534178  937791  947107  929668]
81,101,[6534178 1082185 6533765  916122  899624]
82,103,[1082185  923746  840361  965766  995242]
83,104,[ 838186 1082185  962568  840361  901062]
84,105,[ 896369 1082185  879755  923746  845208]
85,106,[6534178 1119051 1026118  965842 1082185]
86,107,[6534178 1082185 1037840 6533765 1101010]
87,109,[10285335  1046756   927265  1082185  1026118]
88,110,[1082185 1070015 1096036 6534178 1062966]
89,111,[ 820165  901062 1082185 1003188 1096036]
90,112,[6534178 1081177  866227 1082185 5978656]
91,113,[6534178 1082185  947427  954216  833458]
92,114,[7025203 1082185 1046689 6534178 1095040]
93,115,[  989275  6534178   996458   918598 12523757]
94,116,[1082185  923746  995242  979707 1055646]
95,117,[ 820165 1056651 1089392 1082185  896369]
96,118,[ 938849  826272  954077 1082185 1003178]
97,119,[1082185 6534178  960732  995242  920002]
98,121,[1082185 1013321 1038217  995242  849843]
99,122,[1082185 6534178 1038217  844179  995242]
100,123,[  896617 12301405  1082185   890610  1038217]
101,124,[1082185  844179  995242 6534178 1075368]
102,125,[6534178 8090521 1082185 8090537 8090532]
103,126,[1082185 1013321  995242 8090521  916122]
104,127,[ 1082185  1075368   865456 12810393   995242]
105,128,[1082185  820165 1015375  962568 1041259]
106,131,[1082185 6534178  995242 1055646  908531]
107,132,[1082185  820165  927191 1013321  995242]
108,133,[1082185 6534178  995242  870515  979707]
109,134,[ 838186 1082185 6534178 1101010 1056509]
110,135,[1063207 1082185  820165  995242  849843]
111,136,[1013321 1082185 8090521 8090537  892008]
112,138,[1082185 6534178 1101010  995242  965041]
113,139,[1068984 1134006 1082185 1107553 8181048]
114,140,[1082185  995242  849843 1101010 1097001]
115,141,[1082185  849843  995242 1133018  981760]
116,142,[ 997011 1013826 1012315 1082185  957420]
117,143,[1082185 1038217 5569230  995242  849843]
118,146,[1082185  849843  995242 8090537 1133018]
119,151,[1082185  844179  995242 1130375 1005456]
120,153,[ 1128900 10148958 10254581   822677   839849]
121,156,[ 9526254 13987135  1083254  1063359  1082185]
122,157,[ 1082185 12524174   916122   928932   976998]
123,158,[1082185  916122 6534178  995242  862349]
124,159,[1082185 1013321 1132770 1113588 1106301]
125,160,[1082185 1101010  995242  900586  916122]
126,161,[ 957063  935527 1082185 9677202 1051323]
127,162,[13512060   964521  9799351  1082185   841565]
128,164,[ 896803 1082185 1013321  892008  927191]
129,166,[1082185 6534178  844179 1043751 1101010]
130,167,[1009046 1082185  944836 6534178 6533889]
131,168,[1082185  995242 6534178  862349 1018050]
132,169,[6534178  926905 1082185  981760 1101010]
133,171,[1082185  976998  953476 5978656 1013321]
134,172,[6534178 6533765 1082185 1037840 5978656]
135,174,[ 1082185   927191 12810393  1050851  1013321]
136,178,[ 925258 1082185  963686  949023  832678]
137,183,[1082185 1051069 1118393  995242 1080414]
138,184,[6534178 1082185 5584620 7466806 8011397]
139,185,[ 1082185 12810393   832678  1101010   995242]
140,187,[1082185  879755  995242 1133018  896369]
141,188,[1082185 6534178  995242  908531 1029743]
142,190,[1082185  995242  870780 1029743 1075368]
143,191,[1082185  995242 1029743 1054945  849843]
144,192,[1024345 1002850 1082185 1056509  995242]
145,193,[ 944139 6534178 5978656  981760 1082185]
146,194,[1082185  825541 1025650 1119051  914190]
147,195,[1040788 1082185 7167836  914190  844179]
148,196,[1082185  995242  849843 1013321 1101010]
149,197,[1082185 1029743  995242  844179 1133018]
150,198,[1117121 1082185  908531 1029743 6979005]
151,199,[1082185 6534178  995242  904537 1029743]
152,200,[1082185 6534178  995242 1029743  844179]
153,201,[ 1138292  1082185 12810400  1103476   844179]
154,202,[1082185 6534178  916122 1056509  844179]
155,203,[1082185 6534178  995242 1029743  981760]
156,204,[1082185  995242  849843 1044078  866227]
157,205,[1082185  900802  887219 1072523 1084036]
158,208,[ 917485  896938 1082185  974159  879504]
159,209,[6534178 6533765 1082185 5978656  849843]
160,210,[1128240 1082185  863447  892920 1062966]
161,211,[ 847962 1082185 1006878  832678 1126808]
162,212,[1082185  995242 1029743  847982  883404]
163,213,[1082185  995242 1106301 1044078  849843]
164,214,[13213453  9420177  6633273  1082185  6979526]
165,215,[6391089  895540 1082185 6602697 7466806]
166,216,[ 895540  874832 6534178 1082185  910109]
167,217,[ 841266 1082185 6534178  896938 1043751]
168,218,[5589662  894439  993430 1077133  978954]
169,219,[9653535  883912 1082185  916758 6534178]
170,220,[1082185 1027569  995242 6534178  844179]
171,221,[12427353   911470   908181  6424460   863449]
172,222,[1082185 1071759  999779 6039859  952568]
173,224,[1082185  987122  995242  866227 1044078]
174,225,[ 987122 1082185  995876 1044078  995242]
175,226,[1082185  927191  995242 1044078  995785]
176,227,[ 919644 5995939  852317  890695 1116578]
177,228,[1082185 6534178  995242  909510  860776]
178,230,[1082185  995242  844179 1044078  883404]
179,232,[1082185 1063359 6534178 1003188  979707]
180,233,[1082185 6534178 1130908  995785  995242]
181,235,[5996033  995785 5582789 5584027 5583944]
182,236,[1082185  995785  995242 1044078  822677]
183,239,[1120741  910439 1132770  995785  870980]
184,240,[1082185 6534178 1029743  995242  995785]
185,241,[1082185  900802 6534178  995242 1018050]
186,242,[9802666  849688  843304  842126  928555]
187,243,[ 901666  874530 1090330  962721  937502]
188,244,[1082185 9526313 9526666 1128647 5995180]
189,245,[1082185 6534178  995785 1029743  995242]
190,246,[1082185  995242 1133018  866227  883404]
191,247,[1082185  895540 1023958  995242  890610]
192,248,[1732952 6534178 1623493 1489189 1579811]
193,249,[ 927191 1082185  995242 1133018  883404]
194,250,[ 985427 1097239  995876 1138772  885697]
195,251,[1082185 1043590 1075368 1029743  995242]
196,252,[1082185  925258 1051069 1055863  964356]
197,253,[ 908213  919948 1082185 1062966 1044078]
198,254,[1082185  866227  995242 1044078  995785]
199,256,[  824180 13007411 13008314  1003133   885406]
200,257,[ 898980  857849 1082185 1033615  999779]
201,258,[1082185 1044078 1120741 1133018  995242]
202,259,[1095275 1082185  866227 1039156 6534178]
203,260,[1082185  866227 1044078  995242 1037863]
204,262,[1082185 1043751  995242 6534178  859075]
205,263,[ 995876 1082185 1070702 1044078 1039156]
206,264,[1082185  995242  932956 1132771  990297]
207,265,[1082185  995242 6534178 1029743 1075368]
208,266,[1082185  934399  972191  922318  932006]
209,267,[ 929373  901976  918046 6534178 5978656]
210,268,[1082185  995242  866227  883404 1043751]
211,269,[1069714 7409644 1139782 1082185  899624]
212,270,[1101010 6534178  870547 5978656  899624]
213,271,[6534178 1082185 5978656  981760 1029743]
214,273,[1082185 6979579  995242  856818 6534178]
215,274,[1082185  857849  995242  898980 1133018]
216,275,[ 839849  822677  918638 6534178  916767]
217,276,[ 847803 1082185 6534178  860776  999779]
218,278,[ 1082185  6534178  1044078 12810393   995242]
219,280,[1082185 6534178 1029743 5978656  981760]
220,281,[1082185  833025  995242  844179  934399]
221,282,[1082185 1056651 1089392 6534178  995242]
222,283,[1082185  870780 1124674 7409644 1129671]
223,284,[1082185 6534178 1101173 1101010 1029743]
224,285,[1082185  878739  995242 1001148  979707]
225,286,[6534178 1119051 1082185  981760 1029743]
226,287,[ 898980 1082185  985119 1033615  995242]
227,288,[1082185 1005456 1018050  928092  821083]
228,289,[ 864279  962274 6533889  970030  848319]
229,290,[ 838797 1012587 1082185 9527487 1051305]
230,291,[1082185 1051069 1080414  995242 1113588]
231,292,[1082185  995242  985119 6534178 1029743]
232,294,[ 838186 1082185  995242  995785 1133018]
233,297,[ 1082185   910109   822407   995242 12810393]
234,300,[ 1082185  6534178   995242 12810393   979707]
235,301,[15596764  1082185  1015474   995242  6534178]
236,302,[1082185 6534178  995242  981760  862349]
237,303,[1082185  995242  979707 1029743 1133018]
238,304,[9527184 1082185 6979753  822407  995242]
239,305,[1082185 6534178  995242 1029743  913210]
240,306,[1082185 1042907 1101010  995242 1133018]
241,307,[14111322  1074040  9337177  1065259  1019637]
242,308,[ 911401  947658  923654 1082185  892573]
243,311,[1082185  995242  979707 1063207 6534178]
244,312,[1082185 1027569  995242 6534178 1029743]
245,314,[ 820486  820560 1082185  833556  878880]
246,316,[ 871756 1051305 1106301 1043590  995242]
247,317,[12171656  1043787   862010 13945244  1082185]
248,318,[1082185  995242  977481 6534178  944178]
249,321,[ 944836 1082185 1048257 6534178 1041259]
250,322,[ 1082185   979707 12263788  1057260   995242]
251,323,[1082185  969205  995242 1122358 9527487]
252,324,[12696089   975431  1101960  1082185  6534103]
253,325,[1082185  995242  979707 6534178  914190]
254,326,[ 1101010 13841744  6534178   879504   899624]
255,327,[ 995242 1133018  871756 1082185 5569327]
256,328,[10456369   882247   821083  1082185 12525270]
257,329,[ 876548 1082185  979707  962274  995242]
258,330,[ 995242  923746 1133018  840361 1082185]
259,331,[1082185  895502 6534178  995242  979707]
260,332,[1082185  995242  999006 1029743  961554]
261,333,[1082185  995242 1133018  923746  899624]
262,334,[1139830 1082185  995242 1133018 5569309]
263,338,[1082185 1051516  995242 1044078  903325]
264,339,[ 995242  923746  840361 1133018 1082185]
265,342,[1082185  995242 6534178 1029743  908531]
266,343,[1082185  970030 6534178  933835  979707]
267,345,[1082185 6602697 1003188 7433222  923746]
268,346,[  819549  1082185   955850  1040355 13189726]
269,347,[6534178 5978656 1082185 1029743  995242]
270,348,[1082185  995242  923746 1133018  883404]
271,349,[1082185 6534178  995242 1055646 1029743]
272,350,[6534178 1082185 1101010  926905 1029743]
273,351,[  894439  1077133  5588112 13842214 13842090]
274,353,[1082185 6534178  995242  948086 1037863]
275,354,[1082185  995242  849202  926905 1097001]
276,356,[1082185 6534178  995242  926905 1029743]
277,357,[1082185  995242 1133018  927191  849843]
278,358,[  862010  1043787  1038020   949294 12757544]
279,360,[1082185  995242 1110572  849843 1133018]
280,361,[1082185 1101010  995242  900770 1014915]
281,362,[ 1128395 12731714   890610   922127  1003188]
282,364,[1082185 6534178  995242  826249  979707]
283,365,[ 939119 1028166 1082185 1135908  832678]
284,366,[1120741 1128240 1132770  882441  883404]
285,367,[10150113   823775 10204556  1072330   987480]
286,369,[1082185  995242  898980 6534178  923746]
287,371,[ 954102 1082185 1033846  914190  995242]
288,373,[1082185  995242 1133018  849843  883404]
289,374,[1108094 6534178 1082185 1037863  995242]
290,375,[1082185  995242  832678 1101010 1133018]
291,376,[5565802  977508  940700  866140 6463658]
292,377,[1082185  995242  820165  994223 1133018]
293,378,[7025150 1082185 6534178  995242 1015751]
294,380,[1082185 1090706  901403  930262  908213]
295,381,[1082185  995242  859075  923746 6534178]
296,382,[1082185 6534178  926905 5978656  995242]
297,383,[1082185  837012  918676  995242  854754]
298,384,[1082185 1027569 6534178  908846 1132343]
299,385,[1082185 6534178  819978  995242 1101010]
300,386,[1082185  896369  844165  866140  883404]
301,387,[1082185 1055504 1009719 6534178  908846]
302,388,[ 896369  906763  995242 1082185  994928]
303,389,[  887474  1082185 10344585 10456965  1069637]
304,390,[1082185 1058243  995242 6534178  832678]
305,392,[15596409 15972790 12984573   836645  6979821]
306,393,[1082185  995242 1133018  849843  923746]
307,394,[1082185  995242 6534178 1029743  961554]
308,395,[1082185  995242  890610 5568378  923746]
309,396,[1082185  879031  834103  995242 6534178]
310,397,[ 892573 1082185 1107973  862010 6534178]
311,398,[1082185  849843  995242 1029743  859075]
312,400,[1129300 1082185 6534178 1113651 1036347]
313,401,[1082185  989101  995242 9527487 1044078]
314,402,[ 892573  894439 1082185  821083  853448]
315,404,[ 889863  966778 1082185 1022374 1074405]
316,405,[ 1082185  6534178   916122 13842088   995242]
317,406,[1082185  908846 6534178  995242 6534166]
318,407,[1082185 6534178  995242  916122 1029743]
319,409,[13007600  1082185   879635   873527 12263788]
320,410,[ 995242 1082185 1133018  849843  923746]
321,411,[6534178 1101010 1080758 5978656  899624]
322,412,[1139830 1082185 5995597 7167853  995242]
323,413,[ 5565352  1082185  6534178   970160 12731544]
324,414,[1082185  979707  995242  859075 1082212]
325,415,[ 864893 6534178  860248  999104 1108094]
326,417,[1082185  820165  995242 1123792  976998]
327,418,[13190349 12263788  1082185  1035144  6534178]
328,420,[1082185  995242  985119 1029743 6534178]
329,421,[1082185 6534178 8020234  995242 1013321]
330,425,[ 969419  988572  843464 1082185 1031083]
331,426,[1013307 1053489 1082185  822646  899682]
332,427,[1082185 6534178 1055504 1029743  995242]
333,429,[1082185  995242 6534178 1057260 1029743]
334,430,[1082185  995242 6534178 1029743 1080414]
335,432,[1082185 6534178  995242 1030093 1072290]
336,433,[1082185 1089392 1056651  995242 1055646]
337,434,[1082185  995242 1039781 1046587 1133018]
338,435,[8090536 8090521 8090509 8090537 6534178]
339,437,[1082185  828219 6534178 5978656  846634]
340,438,[1082185 6534178  995242 1121603  926905]
341,441,[1123792 1082185 6534178  995242 1124971]
342,442,[1063207 1082185  834103  995242 1103162]
343,443,[1057260 1082185  954642 8011397 8011285]
344,446,[1082185 6534178 1044188  995242  862010]
345,447,[1082185 1057260  914190  995242 6534178]
346,449,[6534178 1082185 1029743 5978656  995242]
347,450,[ 1082185   912146 13842214 13842090   836281]
348,451,[1082185 6534178  995242 5978656  963868]
349,454,[1083787 1082185 1055646  859075  995242]
350,457,[1082185  995242 1133018  911311  979707]
351,458,[1082185  995242  879635 1133018  849843]
352,459,[ 863762 1039682 6534178 1082185 1022254]
353,460,[1082185  995242 1055646  979707 1133018]
354,461,[1082185  995242 1013321 1133018  938700]
355,462,[1082185 1057260 1137775 1055646  859075]
356,463,[1036093  838797 1046689 6534178 1055504]
357,464,[1042907 1082185  995242  849843  833025]
358,466,[1082185 6534178  916122  883404  995242]
359,467,[6534178 1082185  995242  979707  901062]
360,468,[1082185 6534178 5564772  995242  985119]
361,469,[ 901666 1082185 6534178  995242  932006]
362,470,[ 908314  986596 6534178 1082185 1067695]
363,471,[1082185 6534178  995242 1001391 1055646]
364,474,[1082185  995242 1065593 6534178 1133018]
365,477,[1082185  995242 1133018  883404  849843]
366,478,[6534178 6534166 1029465 5978656 1112754]
367,479,[1082185  995242 1133018 1101010  923746]
368,480,[1082185 1009449 6534178 1057260  979707]
369,482,[ 836445 1082185  910673  857849 1025611]
370,483,[1082185 6534178  995242  981760 1029743]
371,484,[1082185  995242 1003188 1013321  923746]
372,485,[1082185 6534178  910151  916122  938700]
373,487,[5569792 1127716  983078  847241  997025]
374,489,[ 858743 1082185 1003441  862010 6534178]
375,491,[ 842789 6534178 1082185 1055504 1003188]
376,493,[1120362  933569 1070723  936355 6534178]
377,495,[6534178 1082185 1006250  995242 1013321]
378,497,[1082185  995242 1133018 9707137 7410215]
379,502,[1082185  907014  859075  995242  866211]
380,503,[1003188  842698  835296 1082185  995242]
381,505,[1127716 6534178 1082185 7409663  995242]
382,506,[1082185 6534178  995242  979707  956067]
383,507,[1082185  859075  866211  995242 1127716]
384,508,[1082185 6534178  995242  898980 1055646]
385,510,[1131115  833724 1095275 1082185  820165]
386,511,[1082185 6534178  995242  870547 1029743]
387,513,[841016 865026 843911 885863 900586]
388,514,[ 923169 1082185 8011285  995242  820165]
389,515,[1082185  995242  923746 1055646 1133018]
390,516,[1082185 6534178  995242  981760 5978656]
391,517,[1082185  859075  995242 6534178 1043301]
392,518,[10457131  1082185   995242  6534178   914190]
393,520,[1082185  995242 1101010 1133018 1055646]
394,521,[1082185 1009449 1033220  995242 6534178]
395,523,[10121958  6704319  1082185  1087895  1056651]
396,524,[1082185  995242  820165  923746  866211]
397,525,[1082185  995242 6534178 1055646 1041259]
398,526,[1082185 6534178 1097001  995242  981760]
399,527,[ 842140  910109 1082185  822226 1059308]
400,531,[1082185  995242 6534178 1055646 1029743]
401,533,[ 898980 1082185  995242 1062966 1029743]
402,534,[ 874058 6533765 6534178 1034499 1128900]
403,537,[1082185 6534178  819978 1057260  933835]
404,538,[1082185  820560 6534178  870780  873527]
405,539,[1082185 6534178 1029743 1077555  981760]
406,540,[ 841016 1082185 6534178  989830  847270]
407,542,[1082185  995242 1055646 1086233  859075]
408,543,[  820486   822517  9527223  9526730 15716097]
409,544,[1082185  995242  883404 1133018  878996]
410,545,[  822848  1062283 10456643   995242  1082185]
411,547,[1082185  995242 1133018 1038217  883404]
412,548,[1001333 1082185  824073  995242 1041766]
413,550,[1082185  835098  995242  847789  883404]
414,552,[ 898980 1082185  995242 6534178 1069039]
415,553,[ 842416 1009361 1082185  819978  914190]
416,554,[1082185  995242 6534178 1029743 6979427]
417,556,[1082185 6534178 6544236  981760 1029743]
418,557,[1082185  995242 1029743 6534178  862349]
419,558,[1082185  907014  995242  923746 1038217]
420,560,[1082185  979707 6534178 1003188  923746]
421,562,[6534178 1082185  965842 1009719  821083]
422,563,[1082185  995242 6534178 1029743  901666]
423,564,[1082185 6534178  995242  981760 1055646]
424,566,[1082185  995242 1038217 1070015  883404]
425,567,[1080331 1038217 1070015 1082185  995242]
426,568,[1083787  865330 1012587 1001148  898980]
427,569,[1027208 1082185 6039740 6534178 1041259]
428,570,[1082185 6534178  916122  933835  938596]
429,574,[1082185  819978  914190  845975  995242]
430,575,[9526730 9527223 1026712 1126310 1025719]
431,576,[1082185 6534178 8011397 8011285 1029272]
432,577,[ 823641  885697 6039687 1082185 1071336]
433,578,[1006250 1082185 6534178 1077975 1055425]
434,579,[1082185 6534178  995242 1029743  833025]
435,580,[6534178 1082185 1118946  916578 9296965]
436,581,[1082185 6534178  933835  916122  981760]
437,582,[6534178 1082185  857540  854754 1119051]
438,583,[1082185 6534178 1097001  883404  916122]
439,586,[ 1082185   859075   995242 12263788  6534178]
440,587,[1082185  995242  890695 1133018 1055646]
441,588,[1082185  995242 6534178  859075 1029743]
442,590,[1082185  859075  914190 1038217  995242]
443,591,[6534178 1082185  995242  926905 1029743]
444,593,[ 995242 1082185 1043590 1133018 1113588]
445,594,[1082185  995242 6534178 1043590 1038217]
446,595,[1082185  995242  859075 1055646 1029743]
447,596,[1025581 1084036 6534178 1082185  972143]
448,598,[1082185 1070702  829852 9553048  995242]
449,600,[6534178 1082185  995242 1029743 1038217]
450,602,[ 1082185  6534178 10456371   981760   995242]
451,603,[1082185  995242  907014  849843 1133018]
452,604,[ 834129 1060318  940947 1082185  900586]
453,605,[ 1034413   965772 13133916  1082185  1109367]
454,606,[ 848107  987838 1082185  995242 6534178]
455,608,[6979753  863762 1038462 1013928 5565802]
456,609,[1082185  995242 1101010  856772 1133018]
457,610,[1082185  995242  849843 1133018  847962]
458,611,[ 918598 1082185 8090536 6534201 8090546]
459,612,[  868075 12132648  1082185   925626   995242]
460,613,[ 912681  995242  907014 1082185 1070015]
461,614,[ 889618  852864  903674 1022003 1015612]
462,615,[1082185 6534178  995242  981760 1029743]
463,617,[ 1082185   995242  1006250   962568 10344585]
464,618,[1082185 6534178  995242  981760 1101010]
465,621,[ 874530 1029289  977268  962721  959022]
466,622,[1082185 6534178  995242  981760 1029743]
467,623,[6534178 1082185 1029743 1038217  995242]
468,624,[ 868075  910439 1082185 1043590  952317]
469,630,[6443350 6464147  880895 1082185 6534178]
470,631,[ 937413 1043035 1015751 1009631 1082185]
471,632,[1082185  821083 1057260  933835  995242]
472,633,[1055863 1080414 1082185 6534178  995242]
473,636,[ 848471 8019716  912681  921288  885917]
474,637,[1082185  995242  926905 6534178 1133018]
475,638,[ 940947 1082185 6534178  872137  933835]
476,640,[1082185  995242  927191  849843 1133018]
477,641,[1010164 5572803 1131830 1051516 1104349]
478,643,[ 995242 1082185  890610  883404 1038217]
479,644,[15716097  1082185  1077975   821083   883916]
480,647,[1082185 6534178  933835  819978 1006184]
481,648,[ 987838 1051516 1082185 1019643  921288]
482,650,[ 1456658  1618438  1679875 16035285  1499569]
483,652,[832678 847344 820486 831587 890610]
484,653,[1082185 6534178  933835  995242 1102959]
485,654,[1082185 1077555  995242  849843 1038217]
486,655,[1082185  995242 6534178 1029743  883404]
487,658,[1082185  907014  995242 1038217 1029743]
488,659,[1082185  995242 1029743  849843 1133018]
489,660,[12988031   872137  1082185   830887  6534178]
490,661,[  904359  1004596   941676  1055403 13158064]
491,662,[1082185 6534178  883404  995242  933835]
492,663,[1082185  849843  883404  995242  953476]
493,665,[1082185  847529 6534178 1071171  995242]
494,666,[1082185  995242  907014  844179  908531]
495,667,[1082185  995242  907014  912681  938700]
496,668,[1082185  995242  927191  883404 1133018]
497,669,[1062128 1082185 6534178 1055504 9396705]
498,670,[ 1082185  6534178   995242 12987976   981760]
499,671,[6534178  866211  951590  870547 1056509]
500,672,[ 927191 1082185  995242  938700  908531]
501,673,[1082185 6534178  995242 1080414 1029743]
502,674,[1082185  995242 1029743  985119  883404]
503,675,[1139142  822161 1082185 6534178 1036289]
504,676,[1102959 1082185 1095227  987480 1092948]
505,680,[1082185  995242 1005186  849843  907014]
506,681,[8019916 9677447 1102003 1082185 6534178]
507,684,[1082185  995242  902192  889779  904375]
508,685,[ 1015539 13842088  1097398  1123792  1082185]
509,687,[1082185  995242 6534178 1043590 1029743]
510,690,[1082185  922561 1101010  933835 6534178]
511,691,[1082185  995242 6534178 1029743  981760]
512,692,[1067443  873887 1082185 1051516 1135834]
513,693,[1044188 1082185 1127716  995242 6534178]
514,694,[1082185  995242 1029743 1101010 1080414]
515,695,[13039088   840386  1082185   993639  6534178]
516,696,[1098485  978313 1082185  975633  879393]
517,697,[1082185  995242 1057260 6534178 1051516]
518,698,[1082185  995242 1133018  883404 1055646]
519,699,[ 895502 1029125 9419957 9420353 1107080]
520,700,[1082185 6534178 1101010 1056509  981760]
521,701,[1082185  835098 6534178 1029743  981760]
522,702,[1056651 1082185 6534178 8020234 6773223]
523,703,[ 970365 1082185 1007512 6534178 5582712]
524,705,[1082185  995242 6534178 5568378  961554]
525,706,[1082185 6534178 1056509 5568378 5569327]
526,707,[ 904628 1082572 6513713 1013167 6533889]
527,708,[1010164  910439 1082185 5568378  995242]
528,709,[  995242  1082185  5568378  5569327 10344585]
529,710,[1082185  995242 7407147 1133018 1051069]
530,711,[1082185 6534178  995242  981760 1029743]
531,712,[ 822049  941313 1135044 1082185  901397]
532,713,[1082185 6534178 1029743  995242  981760]
533,714,[1082185  995242  961554 1080414  883404]
534,715,[1139830  890610 1051069 1055863 1082185]
535,716,[1051516 1082185  995242  961554 6534178]
536,717,[1082185 6534178 1029743  995242 8090521]
537,718,[ 881442 1005609 1082185  961554  995242]
538,719,[1082185  863337 1012523  879143  886803]
539,720,[ 819840 1055504 6534178 1118623 1115069]
540,721,[1082185  995242  894236 6534178  923746]
541,722,[ 925854  830526  951240 1082185  920958]
542,723,[1082185 6034857  991747  995785  847270]
543,725,[ 896369  930917 1045220  892008  994928]
544,726,[1082185 1139782  995242 6034857  961554]
545,727,[1082185  995242 6534178  961554  995785]
546,728,[1082185 1093444 6534178 1069039  981760]
547,729,[1905092 2051181 5703832 1831071 5993054]
548,730,[1082185 6534178  995242  894236  981760]
549,731,[1082185 6534178 1128016 6396581  995242]
550,733,[7443137  870390  912364  867156 1082185]
551,734,[1082185 6534166 6534178 1057260  923746]
552,735,[1082185  995242  849843 1029743  981760]
553,736,[13115493 13115903 13115548  9573206  1082185]
554,740,[1139638 1082185  854754  900842  905436]
555,741,[1082185  977545  901666 1124507 1096343]
556,742,[1133018  995242 5569327 1082185  849843]
557,743,[1082185  995242 1086233  923746 6979753]
558,744,[1082185  995242  981760  961554 6534178]
559,745,[13842088  8069350  1024998  1075074  1082185]
560,747,[1082185  866227  995242  849843 1039156]
561,748,[1082185 8090521 8090537  995242 8090509]
562,749,[1082185  995242 1080414 5568378  981760]
563,750,[1133018 5569327  883404 1082185 9527487]
564,752,[1082185 6534178  916122  976199  981760]
565,753,[1082185  976199 6534178  995242  981760]
566,754,[1082185 6534178 1055504 1036347  900842]
567,755,[6534178 1007136 1082185 5569230 1063207]
568,757,[1082185 6534178  995242  981760  849843]
569,759,[1082185  824661 1077975 1043084  832968]
570,761,[ 914697  905072  832976 1082185 6534178]
571,762,[ 1082185  9396602  1063207  6534178 13008327]
572,764,[1082185  995242 6534178 1029743  961554]
573,766,[1026235 1082185  965050 9547021  964385]
574,767,[1082185  995242 1101010 1133018  901666]
575,768,[9526730 9527223  845705 1082185  834117]
576,769,[1082185  927191 1134522  979707  834484]
577,770,[1082185 6534178  995242  981760 1029743]
578,771,[1124938  968936 1116821  976864 1004906]
579,773,[1082185 6534178  995785 1028816  951169]
580,776,[1082185 6534178  995242  883404 1029743]
581,777,[6534178 1082185 6544236  866211 1119051]
582,779,[ 821083 1082185  848319 6534178 1102959]
583,781,[ 836445 1082185  912681  921288  939442]
584,784,[1082185 1102250 1139782 6534178 1036939]
585,786,[1082185 6423786  972665  878715  983078]
586,787,[1128828 1082185 1058627 1007687 5995778]
587,788,[ 996425 1082185 8090521  995242 8090537]
588,789,[1082185  922561 6534178  995242  983078]
589,790,[15717150   839784   896803   913744   983316]
590,793,[1082185 6534178 1029743  923746 8090521]
591,794,[1082185 6534178  995785 1055646  916993]
592,795,[1082185 5568378 5569327 1044078  995242]
593,796,[ 993638  995242 1133018 1082185 1026118]
594,798,[1082185  995242 6534178 1063207  894236]
595,799,[1082185 1003188  995242  923746 1039156]
596,800,[ 953180 6391086 5591405  830960 1094767]
597,801,[1082185 6534178 1057260 1029743 7169088]
598,802,[1082185 6534178 1029743  981760  995242]
599,803,[1082185  995242 6534178  849843 5568378]
600,804,[5569327 1133018 5568378  995242 1082185]
601,805,[ 965821 1082185  995242 6534178 1049922]
602,806,[1082185  839419 5572308  890955 6534178]
603,807,[1082185  838186  995242 6534178  883404]
604,808,[1082185 1016800  926905 1008814  995242]
605,810,[1082185 1028816 6534178  981760  908846]
606,811,[ 995242 1133018 1082185  883404  862349]
607,813,[1082185  830960  932179  930118  835098]
608,814,[ 1082185  1013807   995242  6534178 12810393]
609,816,[1082185  965050  995242 8090521 6534178]
610,817,[1051505 1050082 1108152 1082185  921167]
611,818,[1082185 6544236 6534178  981760 1055646]
612,820,[1082185 8090509  995242 8090521 8090537]
613,822,[ 938700 1082185  995242 1013321  979707]
614,823,[1082185 6534178  920308  882441  870980]
615,824,[1082185  995242  981760 1133018  866227]
616,825,[ 915493 1082185  908846 1031253 6533889]
617,826,[1082185  995242  983078  894236  883404]
618,829,[ 834236 1082185 1039156 1132771 1137775]
619,830,[1026118 1082185  994928  995242 1133018]
620,831,[937210 937626 885406 960421 957736]
621,836,[1082185  851287  995242 6534178  981760]
622,837,[1082185  901062 6534178 8090549  995242]
623,840,[ 929925  990256  827802 9487885 1082185]
624,841,[ 842126  843944 9802666  849688 1082185]
625,842,[1082185  995242 5569327  981760  883404]
626,844,[1014689 5566472 1082185  897274 9396821]
627,845,[ 1082185 10344585  1009719  8090533   868888]
628,846,[1082185 8090509 8090521 8090537 1075368]
629,847,[1082185 6534178 1055646  872137 1028816]
630,848,[ 826666 1082185 1036347 6534178  944466]
631,850,[1082185  995242  981760  856252 1133018]
632,852,[1082185 1055504  995242  916122  901062]
633,853,[  871722  6602729  1017711 16219297 17104381]
634,854,[1082185  995242  927191  938700  883404]
635,855,[ 963868 1082185 1007210 6534178  995242]
636,856,[9419487 1082185  928749  981760  995242]
637,857,[9803545  908213 8090521 1082185 8090537]
638,858,[1082185  995242  883404 1055646 1133018]
639,859,[1082185 1075368  981760 1099164 8090521]
640,861,[1082185 5585510 1072523 1028816 1055646]
641,862,[ 834833 1103629  999779  985119 1038663]
642,863,[1082185 6534178 5585510  981760  995242]
643,864,[1082185 6534178 5585510  833025  995242]
644,865,[6534178 1082185 5585510  866211 8090521]
645,866,[ 1082185  5585510  6534178   981760 12810393]
646,867,[6396572 6396581 6396561 6534178  901253]
647,868,[1082185 6534178 8090536 8090560 1029743]
648,869,[1082185  827683  995242  849843  938700]
649,871,[  897083  1082185   854754  6534178 12263788]
650,875,[1082185  986912  995242  908531  987562]
651,876,[ 1082185  7463018  6534178 13115643  1019751]
652,877,[13986420 12188000  1082185 10149854  1113667]
653,878,[1082185  846823  938700 1058779  986912]
654,879,[1082185 6534178 1029743  995242 8090536]
655,880,[1082185  995242  849843  986912  965766]
656,881,[9884698 1133018  995242 5569327  883404]
657,882,[1082185 5585510 6534178  965766  833025]
658,883,[6534166 6533889 6534178  874149 1082185]
659,884,[1082185  995242 1081177 1055646 1029743]
660,885,[5585510 1082185 1012587 6534178  871756]
661,886,[1082185 6534178  917033 1029743 5585510]
662,887,[1082185  995242  938700 1058779 9527487]
663,888,[ 979877 1082185 1003188  830887 1000237]
664,889,[ 982955  953180  951240  947201 1083446]
665,891,[ 825541  936914 1082185 9527487 9526886]
666,893,[1082185 6534178 6602590  872137  995242]
667,894,[ 874149 1082185  825541 6534178  834484]
668,895,[  868888   827332  7024847 14050366   828139]
669,897,[1082185 6534178  995242 1003188 1055646]
670,898,[1082185 1057260  848319 6534178 1035843]
671,900,[1092833 6979579 1082185 1023226  879393]
672,903,[1082185 1055504 6534178  970030 1126899]
673,904,[1082185 6534178  834484  938700  995242]
674,906,[12330794  6979248  1086038  1082185  6533889]
675,907,[1057260 1082185  995242 1055646  849843]
676,908,[ 955887 1082185  848319 1057260 6534178]
677,909,[1082185 6534178 1009128 1013321 1103556]
678,911,[ 847270 1082185 8011397 8011285 1035843]
679,913,[1082185 6534178  995242  913210  834117]
680,914,[1082185 6534178 1029743 1007136 8090536]
681,915,[ 853354 1036753 1057260  995242  961554]
682,916,[714433 541569 824193 480014 485048]
683,919,[6773215 6773238  991379  995242  961554]
684,920,[1082185 1097001 6534178  995242  927191]
685,922,[1082185  850768 6534178  944836  872137]
686,924,[1082185  995242 6534178  910473 1029743]
687,926,[12330794   858743  1134633   936914  1082185]
688,927,[1082185  995242 6534178 1055646 1029743]
689,928,[1082185 6534178 1055646  995242 8090521]
690,929,[1082185  981716  845193  995242 1109408]
691,930,[ 917033  926905 6534178 1008814 1016800]
692,931,[1082185 6534178 6979753  995242 1101010]
693,934,[1082185  863337  886803  889319 1012523]
694,935,[1082185 6534178 1095275  995242  981760]
695,936,[1082185  995242 6396537 6534178 1029743]
696,937,[5585186 5587837 5587133 5584620 1082185]
697,939,[1082185  995242 8090521  927191 9420312]
698,940,[ 828867 1082185  821565 1123792 1029624]
699,941,[1082185 6534178  938849 1092588  995242]
700,942,[1082185  927191 5568378  995242  883404]
701,943,[1082185 1029624  995242  927191  849843]
702,944,[6534178 1082185 1016800  901776  914190]
703,946,[1127758 1082185 1026118  995242  994928]
704,947,[ 1082185   995242  1039156 12731544  1139782]
705,949,[5995692 5995503 9573206 9420336 1082185]
706,951,[1082185 6534178 1029743  995242  940947]
707,952,[1082185  995242  927191  883404 1003188]
708,953,[1082185 1003188  995242  927191  883404]
709,954,[9521674 1496715 1587018 1456658 1610376]
710,955,[1082185 1127758  995242 1133018 1101173]
711,956,[ 824180  968936  955858 6534166 1082185]
712,957,[14019790  1082185   943522   995242   927191]
713,959,[1029272 1082185 6534178 1137688  995242]
714,960,[ 913658 1082185 1036347 6979437 6534178]
715,961,[1082185 6534178  995242  965050 1029743]
716,964,[1082185  995242  849843 1133018  981760]
717,965,[1082185  995242 6534178  927191 1029743]
718,967,[1082185  927191  995242  883404 1029743]
719,968,[1082185 5569327  859010 5568378  995242]
720,969,[1082185  995242  914190 1133018 1039156]
721,971,[1082185  927191 5569327  906844  895540]
722,972,[ 1001168  6534178 13008334 13011457  5710897]
723,973,[ 8066803  5995953 12696089 13417954   825457]
724,974,[1082185 6534178  995242 5568378 5569327]
725,975,[  868888   959737  1027835 13381584  6533889]
726,976,[1082185  995242 6534178  951746  945273]
727,978,[1082185 6534178  854852  995242  981760]
728,979,[8066803 1082185  830960 6534178  995242]
729,981,[1082185 6534178  995242  933835 5568378]
730,982,[16122359  1082185   979877   993544   841615]
731,983,[1082185  834117  995242  929668  938700]
732,984,[1082185 6534178  995242 1029743 1028816]
733,985,[ 908531 1082185  995242  820165  986947]
734,986,[1082185  995242 6534178 1029743 1029624]
735,987,[1082185 6534178  834484  995242  938700]
736,988,[1082185 6534178 1127716  995242  927191]
737,989,[1082185  871633 6534178  995242 1029743]
738,991,[6534178 6534166 1098844 1082185  862349]
739,992,[1082185 6534178 1028816  834484 1137688]
740,993,[1082185 8293439  995242  979707  849843]
741,996,[1082185  995242  979707  849843  938700]
742,997,[6982788 8124699  916122  926823 5133323]
743,998,[1082185 6534178  995242  834484 1134522]
744,999,[1082185 6534178  995242 1029743  925626]
745,1000,[  911351  1082185  1138135  5581464 12427353]
746,1001,[1083599 6534178 1082185 1095275 1029743]
747,1003,[1082185 6534178  834484  995242  938700]
748,1004,[ 897083  961620 6534178 1083721 1054262]
749,1005,[ 866140 1119761 1101449  906226 1031492]
750,1007,[1133018 1082185  995242  883404  938700]
751,1008,[6534178 1082185  866211 1029743  957374]
752,1010,[1082185 6534178  995242 1029743  908531]
753,1011,[ 1082185   944836  6534178   926032 12731436]
754,1012,[1082185 1038462  995242 6534178  849843]
755,1014,[1082185  995242  908531  820165  883404]
756,1015,[ 947412 6979578  900311 1082185 1005911]
757,1018,[1082185 6534178  938700  995242 1029743]
758,1019,[1082185 1015296 6534178  995242 1072523]
759,1020,[9707078 8019977 1082185 1023196  977481]
760,1021,[1082185  995242 6534178 1075368  995785]
761,1023,[  833155 15596520  1132333  1026235  1044259]
762,1024,[1082185 1097001 6534178 1029743  908318]
763,1025,[1082185 1058779  995242  927191  938700]
764,1027,[1082185 6534178  995242 1101010  981760]
765,1029,[8091006  896666 1048257 9526630  913449]
766,1030,[1082185 6534178 1029743  995242 1106523]
767,1034,[1082185  995242 6534178  883404 1029743]
768,1038,[1133018  995242 1082185  883404  903230]
769,1039,[ 972665 1082185 6534178  834117 1042438]
770,1040,[1082185 1055996  997506 1003441 6514259]
771,1041,[1082185  995242  883404 1028891  903230]
772,1042,[ 856252  995242 1013321  859075  856772]
773,1043,[1934187 1765104 1905092 5703832 1967734]
774,1045,[1082185  995242 6534178 1133018 1055646]
775,1046,[ 823862 1082185 1068291 6534178  995242]
776,1047,[1082185  995242  938700 6534178 1029743]
777,1050,[ 1082185 12384177  6534178   848319   871756]
778,1051,[1082185  861961  865026 1054954 1029743]
779,1053,[1082185 6534178  991223  995242 1116821]
780,1057,[ 6773058  6773180 12692992 13213150   835861]
781,1058,[1082185 6534178  995242 1038462 8090537]
782,1060,[1082185  995242 6534178  981760 1029743]
783,1061,[1012587 1053763 1050131  846823  900491]
784,1062,[ 1127624   838602   984677   995242 12386080]
785,1064,[1082185  995242  938700  979707  965530]
786,1066,[979707 989101 832678 995242 820165]
787,1067,[1082185  995242 6534178  962229 1029743]
788,1068,[1127758 1082185  938700  995242 1025611]
789,1069,[1082185 6534178  938700 1029743  995242]
790,1070,[1082185 6534178  995242 1029743  923746]
791,1071,[1133018 1082185  995242  883404  849843]
792,1073,[1082185  995242 6534178 1029743  979707]
793,1074,[1082185 6534178 8011397 8011285 8011282]
794,1075,[1082185 6534178  995242 1029743  923746]
795,1076,[1082185 9419957 6534178  863519 1034176]
796,1077,[ 891632 6534178 1082185 1029743  995242]
797,1078,[ 1082185  6534178   928092 12263788   885356]
798,1080,[1082185 6534178  938700  995242 1029743]
799,1081,[ 908217  857276 1020682 1061203 6534178]
800,1082,[1133018 1118533  995242 1120741 1082185]
801,1083,[1082185 6534178  995242 1133018 1029743]
802,1084,[ 981521 1082185  995242  883404 1095040]
803,1085,[1082185  995242  938700 1029743 6534178]
804,1086,[1082185  872137  979707 6534178  832678]
805,1087,[1082185 6534178  979707  995242 1029743]
806,1088,[1045478  861701 1066289  997011 1082185]
807,1089,[1138292 1082185 1103476  891505 5568378]
808,1090,[1082185 6534178  995242 1018050 1041259]
809,1091,[6534178 1082185 5568378  899624  981760]
810,1092,[1082185  995242 1075368 6534178  871756]
811,1093,[1082185  995242  834484  845208  840361]
812,1094,[1082185  871756 6534178  972665  995242]
813,1096,[1057260 1082185  995242  883404  849843]
814,1097,[ 905239 8090440  961979  948298 6534178]
815,1098,[16809303  8205418  1082185 13190294   916767]
816,1100,[6534178  849202  951590  981760 8090521]
817,1102,[1082185  939442  995242  943500  871756]
818,1103,[1082185 6534178  855356  919596 7082640]
819,1104,[ 842926 1045710 1082185  995242  894236]
820,1105,[ 1082185   995242 10344585  1018050  6534178]
821,1106,[1082185 6534178 5568378 5585510  994928]
822,1108,[1057260 1082185  995242  849843 8090521]
823,1109,[1082185  995242 6534178  981760 1029743]
824,1110,[1775642 6534178 1008288 1086061  951590]
825,1111,[5996227 5995859 5996354  927681  948040]
826,1112,[ 990688 1010681 1082185 6534178 6533889]
827,1113,[1082185 1041259 6534178  834484  995242]
828,1114,[1082185  995242  883404 1013321 8090521]
829,1115,[6534178 1057260  951590  981760 1082185]
830,1117,[1082185 9552735 6534178  871756  995242]
831,1119,[1082185 8090565  995242 8090521 8090537]
832,1120,[1082185  995242  916122 8090521 8090537]
833,1121,[1082185  995242  883404 6534178 5568378]
834,1123,[1082185 6534178 5570398 1029743 5568378]
835,1124,[1082185 8090521 8090537  995242 8090509]
836,1127,[1082185  871756  995242 6534178  981760]
837,1128,[1082185  995242  916122  927191  883404]
838,1129,[  989307 15596692  1096355  1137688   882247]
839,1130,[1082185  993638  995242  985119  849843]
840,1131,[ 1082185  5569327   995242   981760 12810393]
841,1132,[1082185  995242 1133018 1070015  981760]
842,1133,[1082185 6534178 1041259 9553347  995242]
843,1134,[1082185  981591 1112825 6534178  995242]
844,1135,[1082185  871756  898980  995242  883404]
845,1136,[1082185  995242  883404 1029743 5569327]
846,1137,[ 924667 1082185 1058930  938700 6534178]
847,1138,[13382200  1059318   941515  7442008   885430]
848,1139,[ 942077  931743  856942 1028891 1126890]
849,1141,[ 995242 1082185  883404 1058779 1133018]
850,1142,[ 950202  882826 9527174  860247 1071027]
851,1145,[ 985119 1082185 6534178 1033615 5568378]
852,1146,[ 871756 1082185  912949 6534178  985119]
853,1147,[1082185 6534178  995242 1029743  926905]
854,1149,[1135681 1082185 6534178 1029743 1084036]
855,1151,[1082185  972143 6602697  985119 6534178]
856,1152,[1082185 6534178  938700  995242  908181]
857,1154,[1040829  842698  835296 1082185  971983]
858,1155,[1082185 1012587  995242 1016800 1029743]
859,1157,[1082185 6534178  872137  995242  834484]
860,1158,[1082185  995242  938700 1133018  883404]
861,1159,[ 842499  997766 1082185 1097280 1044259]
862,1160,[1082185  995242  912681  938700 8090537]
863,1161,[1082185  995242  849843 1133018 1026118]
864,1163,[ 1082185   894968  6534178 12263788   995242]
865,1164,[ 893676 1086311 1033977  839730 6979535]
866,1166,[5566800 1082185 9653714  863337 1012523]
867,1167,[1110743  901840  944836 8019977 1082185]
868,1168,[1019637 1082185 1014732 6534178  836262]
869,1169,[1082185  846823  938700 1042438  995242]
870,1171,[1082185 6534178 1029743  995242  981760]
871,1172,[1082185 6534178  963686  911017  980986]
872,1174,[1082185  995242  938700 1043590 1081177]
873,1175,[8066803 1028891  955921 1045710  915651]
874,1176,[6408076  995242 7413221  927265 5133324]
875,1178,[1082185  967476 7409644 6534178 9553031]
876,1179,[1116050 1082185 6514030  954525 6534178]
877,1180,[ 985119 6534178 1033615  834833 1026346]
878,1182,[1082185  995242 6534178 1029743  995785]
879,1183,[ 995242 1082185 1133018 1043590  938700]
880,1185,[1082185  995242 6534178  871756 1043590]
881,1186,[5578547 1082185 6534178 6533889 1098844]
882,1187,[6979753  892221  891393  891217 5571248]
883,1188,[1120741 1132770 5995503  938700  883404]
884,1189,[ 821083  855672 1082185 6534178 1072523]
885,1190,[1082185 1127624  995242  925626  911502]
886,1191,[1082185  995242 6534178 1134006  999104]
887,1192,[1559515 1082185  830887 6534178  995242]
888,1193,[13842088  1082185   995242  6534178  1029743]
889,1194,[ 938700 1082185  995242  898980 1005186]
890,1195,[6534178 1082185  853448  995242  883404]
891,1196,[1082185 6534178  944836  995242  901666]
892,1197,[1082185 6534178 9935316  856252 5978656]
893,1198,[ 1082185   915064  6534178   995242 12384177]
894,1201,[1082185  995242 6534178 1029743 1133018]
895,1202,[6534178 1082185  999090 5995603  866211]
896,1203,[1082185  830887 6534178  995242  854852]
897,1204,[1082185 6534178  995242  854852 9677886]
898,1205,[1082185  883404  995242  856252  916381]
899,1206,[7409618 1082185  883404  995242  849843]
900,1207,[1082185  995242 1123792 8090521 8090537]
901,1208,[1082185  995242  938700  898980 1133018]
902,1209,[6534178 1082185 1053016  981760  866211]
903,1210,[1082185  995242 1026118 1133018  883404]
904,1211,[15629927   918598   957322  1059930   879504]
905,1214,[1082185 6534178  828139 6534166  948478]
906,1216,[1082185  999625  995242 1133018  883404]
907,1217,[1082185  908531  822407  995242  892008]
908,1218,[1082185  995242 1029743 6534178 1133018]
909,1219,[1082185  995242  861701 7167218 1133018]
910,1221,[1082185  995242 6534178 1029743 1133018]
911,1222,[1091090 1082185 1075368  995242 6534178]
912,1223,[1082185 6534178  995242 1029743 1012587]
913,1224,[1127758 1043590  995242 1082185 1133018]
914,1225,[1082185  995242 5569327  824555  900491]
915,1226,[1082185 1117039 1070015  995242 1133018]
916,1227,[1082185  861961  840227 5747420 1104343]
917,1228,[ 1115800  6534178  1082185  1009924 16122293]
918,1229,[7467081 7467026  965842  829645  921288]
919,1230,[1082185 6534178 5978656 1029743  923746]
920,1231,[1082185  995242 1133018  883404 1029743]
921,1234,[1102003  908089  916990 1082185 6534178]
922,1236,[1082185  995242 1070015 1029743 1133018]
923,1238,[ 1082185 12263788   908531   995242   914190]
924,1240,[ 828935  944836 1060469 1044259 9676851]
925,1241,[1137346 1082185 6534178  955921  921836]
926,1242,[1082185 6534178 5568378  995242  938700]
927,1245,[1082185  989354  995242 6534178  987480]
928,1246,[1082185 6534178 6533889  879734 1097635]
929,1247,[1026788 1117690  904422  834022 1082185]
930,1248,[ 914753  998363 1007414  888054 1082185]
931,1249,[1082185  995242  938700 1123792  861701]
932,1252,[1082185  995242 6534178 1029743 1027569]
933,1255,[1082185  995242 6534178 1029743  883404]
934,1256,[  923091 13094913  1085435  1000542  1064086]
935,1257,[1082185  995242 1029743 6534178  820165]
936,1258,[9831882 1075074  897083 1082185 9296925]
937,1259,[1082185  995242  883404 1029743  820165]
938,1260,[838729 835972 949257 913406 891141]
939,1261,[15716589  1082185   908531   840227 12263788]
940,1262,[ 995242 1082185 1043590 1133018  938700]
941,1263,[6534178 1082185 1029743  995242  926905]
942,1264,[6534178 1082185 1014388 1031864 1029743]
943,1265,[1082185  995242 1133018 1101010  849843]
944,1266,[1082185 6534178 6602697 1029743  839147]
945,1267,[13842090 13842214  1082185   995242  1005186]
946,1269,[1057260  995242 1082185 1133018 1029743]
947,1270,[1082185  887219 1083846 6534178 1025650]
948,1271,[ 947412  864279 1082185 1120362  995242]
949,1272,[ 979022  974766  905436 1092160 1082185]
950,1274,[ 883912  859237  937405 1089045 1091342]
951,1277,[1090884 1006483 1082185 1116635  995242]
952,1278,[1082185 6534178  995242  938700 1029743]
953,1279,[ 863447  912681 1082185  969866  995242]
954,1280,[ 980488  823099  925579  847966 5668996]
955,1281,[1082185 1028891 1070015  995242 6534178]
956,1282,[1070015 1082185  912681  995242 1133018]
957,1283,[ 938700  883404 1044078 1133018 1081177]
958,1284,[1082185  938700 1129322  995242 1013321]
959,1285,[  925364   829459 13008321   824642  1026712]
960,1287,[ 841584 1133018  995242 1082185 1130375]
961,1288,[1082185 1058754 6534178  995242  981760]
962,1289,[ 859237  999581 1082185  995242  892008]
963,1290,[1082185 1081177  995242 1101173  981760]
964,1291,[1126808 1009662 9526672  991592 1082185]
965,1293,[ 852998  969419  988572 1120741  865330]
966,1294,[ 1082185   871680   847270  1081177 12263788]
967,1295,[1082185  995242 6534178 1029743  925626]
968,1296,[ 933060  889649 1082185  995242  935578]
969,1297,[1082185  970202  854852 1081177 6534178]
970,1298,[1082185  995242  883404 1003188  927191]
971,1299,[1082185  843929  839419  995242  849843]
972,1300,[1082185  995242 1029272 6534178 1029743]
973,1303,[6534178 1082185  906844  870780  905582]
974,1304,[1082185  908531  995242 1070015 1029743]
975,1305,[1082185 6534178  995242  840361 1029743]
976,1306,[1082185  995242  938700 1133018 1108131]
977,1307,[ 1082185 13511722  6534178  1063207   995242]
978,1310,[1082185  938700  995242 1005186  857849]
979,1312,[1082185 6534178  995242  854852  981760]
980,1313,[1082185  995242 6534178  991747 1029743]
981,1314,[6534178 1102416 6534166 9859060 1036930]
982,1316,[1082185 6534178  995242  854852  981760]
983,1317,[1138292 1082185  995242 1133018  883404]
984,1318,[ 904241  821083 1046816 1082185 6534178]
985,1319,[1082185  995242 6534178 1029743 1041259]
986,1321,[1075470 1082185 1133018  892008  995242]
987,1325,[ 923138 1082185 6534178  834484  903325]
988,1326,[1082185 6534178  928833 1058779  938700]
989,1328,[ 912681 1082185  931532  898980  875089]
990,1329,[1082185 6534178 1029743  995242  981760]
991,1330,[1082185  819978 6534178  995242  938700]
992,1331,[1082185  995242  963686 1029252 6534178]
993,1332,[1082185  995242 1063207  883404  948420]
994,1333,[15595979  1053988 13008065  1128016   888586]
995,1334,[1133018  883404  987480  995242 1082185]
996,1335,[1082185  995242 1089392 1133018 1028816]
997,1336,[1082185  908531  995242  856252  916122]
998,1337,[1024065 1082185  995242  923670 1029743]
999,1338,[16809471   865330  1111072   994928   857849]
1000,1340,[1082185 1003188  995242 1133018  866227]
1001,1342,[6534178 1082185 1102845 1029743  928123]
1002,1343,[ 995242  832678 1082185  912681 1133018]
1003,1344,[1008288 1082185 6534178  995785 1042697]
1004,1346,[1082185 6534178  995242 5574377 1133018]
1005,1347,[6534178 1082185 6534166 1031864 1029743]
1006,1350,[1082185  995242  883404 1133018  938700]
1007,1351,[1082185  995242 6534178  860975 1043590]
1008,1352,[ 935200 1014915 1033846  900770 1082185]
1009,1353,[ 1057260   954642  1082185 15716097   995242]
1010,1354,[1082185  820165  995242  883404  849843]
1011,1355,[1082185 6534178  926905 1029743  909256]
1012,1356,[ 832001 1082185  995242  946839  825753]
1013,1357,[ 866548 6534178  860975  981760 5978656]
1014,1358,[1082185  995242 8090521  883404 8090537]
1015,1359,[1082185  995785  995242  979707 1075368]
1016,1360,[1082185  877798  988208  995242 1133018]
1017,1361,[1082185  820165  995242  883404 1044078]
1018,1362,[7169088 6534178  906844 1087102  921438]
1019,1363,[ 1082185  6534178  1013321 12810393   995785]
1020,1364,[1082185  995242 1029743  883404 1044078]
1021,1366,[5566800 7410289  856687 7409970 1082185]
1022,1367,[1082185 6534178 1054819  995785 1018050]
1023,1368,[1082185  944137 6534178  834484  997423]
1024,1369,[1082185 1119051  922415  985889  995242]
1025,1370,[ 971474 1001333  820122 1099089 1055646]
1026,1373,[1082185 6534178  995785 1137688  834484]
1027,1374,[1082185  995242 1043590 6534178 1029743]
1028,1375,[1082185  995242  820165 6534178 1029743]
1029,1376,[6534166 5564821 6534178 1082185  871279]
1030,1378,[9653535 8011282 7466806 8011397 8011285]
1031,1379,[ 840227  873887  910032  961730 1062095]
1032,1380,[1082185 1119051  995242 6534178  820165]
1033,1381,[ 995242 1082185 1133018  883404  994928]
1034,1382,[1082185 6534178  995785 1055646  899624]
1035,1383,[ 850044 1018588  997506 1003441 1059891]
1036,1384,[1004906 1133018  994928 1106301  896369]
1037,1385,[1082185 1127758  870547  995242 6534178]
1038,1387,[1082185  869047  854133 6534178 1060543]
1039,1388,[1082185  997025 7409644 1022066 6534178]
1040,1389,[  838637  6463477 13115919 13115809  1082185]
1041,1390,[1082185  995242 1016332 6534178 1101010]
1042,1391,[7466806 8011397 8011285 5580166 1110624]
1043,1393,[ 892862 1127179 1010259  897165 1082185]
1044,1394,[1039682  915493 1082185 1119051 1027569]
1045,1395,[1082185 6534178 1029743 1000753  995242]
1046,1397,[1062283 7410071 6039687  970760 1082185]
1047,1398,[1082185 6534178  995242 1029743 1050741]
1048,1399,[1082185  995242 6534178  820165  883404]
1049,1401,[1082185  896369 1133018  995242  979707]
1050,1402,[12949872  1082185  1057260   995242  6534178]
1051,1403,[ 870547 6534178 1101010  951590 1082185]
1052,1405,[1082185 6534178  866488  995242  995785]
1053,1406,[1082185 6534178  855202 1029743  834484]
1054,1408,[1082185 6534178  995242 1029743 1003188]
1055,1409,[6391076  942565 1125219 1021324 1082185]
1056,1410,[1082185 6534178  995242 1013321  938700]
1057,1412,[1032512 1058754 9487606 1082185 9677202]
1058,1413,[1082185  985119 1033615  995242 6534178]
1059,1414,[1082185 6534178  995242  981760 1029743]
1060,1417,[10198378  6534178  6533889  1082185   995242]
1061,1418,[6979241 1082185 6534178 1077745  995242]
1062,1419,[ 866140  993638 1082185 1009343 1019637]
1063,1421,[1082185  995242 6534178 1029743 8090521]
1064,1423,[1082185  927080 6534178  995242 5981267]
1065,1425,[1082185 1044078  844179  883404 1101010]
1066,1426,[ 1082185  6534178   995242   971922 12810393]
1067,1427,[1082185 1122358  995242  844179  883404]
1068,1428,[1082185  995785  995242 6534178 8090521]
1069,1429,[ 995242 1082185 8090537  820165 1044078]
1070,1430,[  824169   900311 13381928   905436   904521]
1071,1431,[ 874112 1013982 1082185  849544 6534178]
1072,1434,[1082185  995242  953476  976998  883404]
1073,1437,[1030819 1082185 1013321  973861  938700]
1074,1440,[1082185  995242 6534178 8090521 1110572]
1075,1443,[1130397  942077  943940 1082185  906844]
1076,1445,[1119051 1082185  903325 6534178  938700]
1077,1447,[1082185 6534178  995242  938700 1133018]
1078,1450,[1082185 6534178 1033615  995242 1055646]
1079,1451,[1082185 6534178 5568789 1029743  995242]
1080,1452,[1013928 1133018 1082185  995242  883404]
1081,1453,[  819985 15778459   991230  1082185  1051468]
1082,1454,[1082185 6534178  995785  995242 1045228]
1083,1457,[1082185  985119 1033615 6534178 1038217]
1084,1458,[ 1082185  6534178 12988031   995242  1070702]
1085,1459,[1082185 6534178  936355  883404  995242]
1086,1461,[1082185 6534178  985119 1033615 1029743]
1087,1462,[15596094  9526906 10457375  1011926  1082185]
1088,1463,[ 1082185  6534178  8090560 10344585  1029743]
1089,1464,[1082185  995242 1133018 1044078 1029743]
1090,1465,[1082185 1057260 6534178 1041259  872137]
1091,1466,[1082185 6534178 1029743  995242  866211]
1092,1467,[ 861445 1063207  879755 1073150 1037894]
1093,1470,[1063739 1082185 6534178  995242 1029743]
1094,1471,[1082185  995242 6534178  862349 5978656]
1095,1473,[9445919 1082185  901666 9297178  995242]
1096,1474,[1082185 1044078  995242 1133018 5569792]
1097,1475,[1048257 6533889 5568228 1082185  843464]
1098,1476,[1080758  951727 9677366 1124290 9831557]
1099,1479,[ 877428 1082185  932462  941265  977374]
1100,1480,[1082185  995242  883404 1133018 1055646]
1101,1481,[1082185 1050131 1118598 1053763 1044078]
1102,1483,[ 934676 1082185 1106301 1044078  995242]
1103,1484,[1082185  995242 1028816 1133018  883404]
1104,1485,[ 1082185 13842214 13842090  6534178  1024032]
1105,1487,[1082185 6534178  995242  940947 1071686]
1106,1488,[1082185  995242 1029743 1081177 5568378]
1107,1489,[ 833935 1127624 1082185  925626  923967]
1108,1490,[9527067 1082185 9297574 9297062 6534178]
1109,1491,[ 847066  820165  928749  898554 1082185]
1110,1492,[1082185  995242  849843 1065593  820165]
1111,1493,[1082185 6534178  995242  925626  981760]
1112,1494,[  981521  1082185   995242   976998 12731544]
1113,1495,[  976998 12731544   939636   953476  1106301]
1114,1499,[14106445  1082185  6534178   872137   995242]
1115,1500,[1082185 6534178  985119  995242 1033615]
1116,1501,[1117500  839630 1082185 6534178  874149]
1117,1502,[1082185  876695 1081177  995242  917654]
1118,1506,[ 866140  900418  819765  959985 1082185]
1119,1507,[1082185 6534178  894439 1101010 1029743]
1120,1508,[1082185 6534178 1029743  995242  981760]
1121,1509,[15800888 10456180  5578547 13158077  1082185]
1122,1510,[1128828 1058627 1104224  957891 1007687]
1123,1511,[1082185  995242 1081177 6534178 1029743]
1124,1512,[1082185 6534178 1404121  995242 1029743]
1125,1513,[1082185 6534178  995242 1029743  981760]
1126,1514,[ 972357 1082185 1081177  995242 1029743]
1127,1515,[1082185 6534178  864279  995242  834484]
1128,1517,[1082185  995242 1029743  908531 1081177]
1129,1518,[ 985119 1033615 1082185 6534178 1029743]
1130,1519,[1082185 1081177  995242 6534178  849843]
1131,1520,[1082185 6534178  995242 1029743 1013321]
1132,1521,[1082185 1044078 1133018  994928  995785]
1133,1523,[1082185  995242 6534178  883404 1029743]
1134,1524,[1082185 5587133 5584620 6534178 5585635]
1135,1525,[1082185  985119 1033615 1025611  834833]
1136,1526,[1082185  995242 7166723  819765  953476]
1137,1527,[1138243 7410168 1082185  826239 1125497]
1138,1528,[1006922 1082185  995242  883404 1029743]
1139,1529,[9546982 8118676  839419 1125837 1028705]
1140,1530,[1082185  936830  820165  995242 6534178]
1141,1531,[1082185  995242  820165 6534178 1029743]
1142,1532,[1082185 1095275 6534178 1079528 6533889]
1143,1533,[ 819227 1006573 1002236 1005637 1010119]
1144,1534,[ 1082185   947658  1046500 13190240   944929]
1145,1535,[1082185  985119 1118598  995242 1033615]
1146,1536,[15452677 15452531 15452396  1082185 10285149]
1147,1537,[1082185 6534178  995242 1029743  981760]
1148,1539,[1080888  949294 1059902 1056212 1063207]
1149,1540,[1082185  995242  849843 1133018 1033615]
1150,1541,[5995483 5995427 1082185  970866  931579]
1151,1542,[ 821083 1139782 1082185  868161 6534178]
1152,1543,[1082185  821083 6534178  995242 1029743]
1153,1545,[1082185 6534178  995242 1029743  981760]
1154,1546,[1082185  995242  989075 1139827  824555]
1155,1547,[1128828 1058627  957891 1104224 1098067]
1156,1548,[1082185  995242  953476 1133018 1101010]
1157,1549,[1082185 1122358  995242  985119  849843]
1158,1550,[1081355 1082185 1044078  865330  994928]
1159,1552,[1082185  995242 6534178  956666 1029743]
1160,1553,[1044078 1082185  908531  865330  995785]
1161,1555,[1082185  995242 1133018  953476  856687]
1162,1556,[ 847966  980488  992065 1045571 1082185]
1163,1557,[ 901776 1082185  901666 6534178 1042697]
1164,1558,[7410021 1082185  839438 1030093 6534178]
1165,1559,[1082185 6534178 1029743  981760  979707]
1166,1560,[1082185  995242 6534178 1029743  981760]
1167,1563,[1082185 1057260 6534178  981760  834484]
1168,1564,[1082185 6534178  995242  981760  820165]
1169,1566,[ 895502  863519 1107080 9420353 9419957]
1170,1567,[1072523 1082185  820165  995242 1133018]
1171,1568,[1082185  882489 6534178 1000753 5978656]
1172,1569,[1082185  995242 1044078 1133018 1004906]
1173,1570,[1082185 6534178  995242 1070702  981760]
1174,1571,[1082185 6534178  995242  981760  979707]
1175,1572,[1082185  839419 6534178  979707  981760]
1176,1575,[1082185  932179  820165  900802 1028816]
1177,1576,[1082185 1044078  820165  995785 1053690]
1178,1577,[1082185  995242 6534178 1006483 1029743]
1179,1578,[1082185  995242 1136257  883404 1044078]
1180,1579,[1082185  856252 6534178  830740 1136257]
1181,1580,[  865330  1111072 14112236  1106301  1044078]
1182,1581,[1082185  820165 6534178  995242 1029743]
1183,1584,[1028891 1082185  917407 6534178 5995445]
1184,1585,[15741060  1082185   856202  6534178 13842090]
1185,1587,[1082185  995242 1133018 1044078  908531]
1186,1588,[ 841016  820165 1082185  995242  883404]
1187,1590,[ 824977 1082185 1028891 1123254 6391381]
1188,1591,[1082185  820165 6534178 1083254  850841]
1189,1592,[7466806 8011282 1007136 6534178 1082185]
1190,1593,[1082185 6534178  995242 1136257 1029743]
1191,1594,[1082185 6534178  985119  995242  981760]
1192,1595,[1082185 1006555 6534178  997309  904813]
1193,1596,[1082185  820165  921406 1046816 6534178]
1194,1598,[1082185  820165 6534178 1081177  995242]
1195,1599,[1043590  912681 1082185  901976  907014]
1196,1600,[1082185 6534178  995242  985119  981760]
1197,1602,[1044259 1006483 1082185 1060705 9832628]
1198,1604,[ 832678  974108 1082185  944486  856772]
1199,1607,[5569471 5569374 5569845 5568489 5569230]
1200,1608,[ 820165  839849 1082185  822677 1044078]
1201,1609,[ 830783 7167218 9527158 9526563 9526886]
1202,1611,[1082185 1120741  995242  883404 1065593]
1203,1612,[1082185 7409548 6534178 1010259 1005186]
1204,1614,[1082185  995242 1055646  820165 6534178]
1205,1618,[1082185 9420183 1018050 9858936 1015279]
1206,1619,[1082185  867138  970160 1018050 1005456]
1207,1620,[1082185 8205218  959409  995242 1029252]
1208,1621,[1062966 1082185 1003188 1044078  995242]
1209,1622,[ 823098 1082185 1058543  833351 1006342]
1210,1623,[ 985119 1033615 1082185 6534178 6534166]
1211,1624,[1082185  993638  995242 6534178 1055646]
1212,1627,[1082185  861184  865330 6534178 1037337]
1213,1628,[1082185  995242 1057260 6534178 1029743]
1214,1630,[ 865026 1135834  993638 7409957  895166]
1215,1631,[1082185 9337581 5569327  995242 1100658]
1216,1632,[1082185 6534178 1055646  916993  995242]
1217,1633,[1028891 1082185  995242  883404 1065593]
1218,1634,[1082185  995242 5569327  883404 1133018]
1219,1636,[1082185 1044078  883404  995242 1080414]
1220,1637,[1014948 1039156  866227 6534178  981760]
1221,1638,[1082185  995242  994928 1133018  862349]
1222,1640,[1082185 6534178 1029743  995242  850102]
1223,1641,[1082185 6534178 1126899  995785  995242]
1224,1642,[1051516  859075 1082185  987838  995242]
1225,1643,[1082185 6534178 1133018  995242 6533765]
1226,1644,[6534178 1082185  860776 1029743  397896]
1227,1645,[6534178 1082185 1108094  854754 1029743]
1228,1646,[6534178  981760 6533889 1225946 1082185]
1229,1647,[1082185  995242  994928 1133018  862349]
1230,1648,[6534178 1082185  908846 1028816  995785]
1231,1649,[1082185 6534178  987838  995242 1041259]
1232,1650,[6034964 1082185 6534178  987838 1005456]
1233,1651,[1082185 6534178  824005  995242 1041259]
1234,1652,[1082185 6534178 1029743  995242 1034176]
1235,1653,[6534178 1082185 1055646 1055572 1039156]
1236,1654,[1082185 6534178 1057260  908846 1029743]
1237,1657,[1082185 6534178 1133018 6533765  819978]
1238,1658,[1070845 1138443 1082185 6534178 1082212]
1239,1659,[1082185 1028816  968215  908846 6034857]
1240,1660,[1082185 6534178 6533765  995242 1043590]
1241,1662,[13213470  1092972 12988031  1055425  6534178]
1242,1663,[8160319 6534178 7441391 1092948 1082185]
1243,1664,[1082185 1116671  995242 1000753 6534178]
1244,1665,[1082185 6534178  995242  985119  995785]
1245,1666,[1082185 6534178  995242 1029743 1133018]
1246,1668,[1082185 6534178  908846 1041259 1029743]
1247,1669,[ 879506 1082185 6534178  995242  824305]
1248,1672,[6533765 1082185 6534178  995242 1133018]
1249,1673,[6534178 1082185 6533765 1133018  995242]
1250,1676,[972555 954875 994510 871574 940338]
1251,1677,[ 862318 5995436 1051637  826695 1128411]
1252,1680,[1082185 6534178  859075  979707  995242]
1253,1683,[6534178 1082185  908846 5574377  962568]
1254,1684,[1082185 6534178  995242 1029743 5978656]
1255,1685,[1082185 6534178 1092303  995242 8118726]
1256,1686,[1082185  995242 1101010  986912 8205218]
1257,1687,[ 823099 1082185  872137 1041259  979707]
1258,1688,[1082185 6534178 1075368 6533765  995242]
1259,1689,[6534178 1082185 1000753  993638 1098284]
1260,1690,[1082185 6534178  995785  995242 1085604]
1261,1692,[1082185 1013321  995242 1133018  999134]
1262,1693,[10356251   890533  1010051   846831  1083043]
1263,1694,[ 863337  879143  889319  886803 1012523]
1264,1695,[1082185 1003188  979707  995242  879528]
1265,1696,[1082185 6534178  995242 1041259  979707]
1266,1697,[1082185 6534178  979707  847982  995242]
1267,1698,[1082185  995242 6534178 5590613 1043590]
1268,1699,[ 993638 1082185 6534178  914190 5978656]
1269,1700,[1082185  908531  995242 1033615  923746]
1270,1701,[6534178 1082185  866211 1029743 1041259]
1271,1703,[5590613 1082185 1001148 8205218 6534178]
1272,1704,[1082185  995242 1133018 1044078  859075]
1273,1705,[1082185 1133018  995242  994928  857849]
1274,1706,[ 995242 1082185 1133018 1055646 1058997]
1275,1707,[13842214 13842090  1082185   834993   995242]
1276,1708,[1082185 1070702 6534178  995242  874972]
1277,1709,[1082185  979707  995242  913785 6534178]
1278,1710,[ 952568  820301 1053988 9859060  833860]
1279,1712,[1082185  995242  849843  885290 1133018]
1280,1713,[1082185 6534178 6534166 6533889 5978656]
1281,1715,[1082185  979707 1057260  995242  880427]
1282,1716,[1082185  845537  995242 1036432  824555]
1283,1717,[1082185 6534178  995242  871756 5978656]
1284,1718,[1082185 6534178  995242 1075368 1029743]
1285,1719,[1082185  979707 1003188  923746  995242]
1286,1720,[ 885928  819978 1082185  936215  909714]
1287,1721,[1082185  995242  847982 1133018  908531]
1288,1722,[ 848961  823098 9527174 6534178 1082185]
1289,1723,[ 922561  820165 6534178  995242  862349]
1290,1724,[1082185 6534178  995242  977854 1041259]
1291,1726,[ 948495 6534178 1082185  908846 1044487]
1292,1728,[1082185 6534178  995242  995785  878996]
1293,1729,[1082185 6534178  995242 1075368 1029743]
1294,1730,[6534178  862349  995242  981760 1082185]
1295,1731,[ 871756 1082185  995242 6534178 1029743]
1296,1732,[1082185  995242  976199  976998  955577]
1297,1733,[ 894439 1082185 1077133 6534178 1000753]
1298,1734,[1082185  995242 1028816 1133018  923746]
1299,1735,[6534178 1082185  981760  860776  833598]
1300,1737,[ 914190 1133018  908531  862349  995242]
1301,1738,[6534178 1082185  922847 1085604  981760]
1302,1739,[ 995242 1082185 1133018 5569327 1043590]
1303,1740,[ 839969 1002771  964221  871252 6034964]
1304,1742,[1082185  929018 7443013  995242 1019637]
1305,1743,[1082185 6534178  995242 1043590  979707]
1306,1745,[ 902377 1082185  871756  908408  995242]
1307,1747,[1082185 6534178  995242  979707  995785]
1308,1748,[ 846634 1135932 1032150  828219 1082185]
1309,1749,[ 886536 6534178 1082185  849066  934399]
1310,1750,[1082185 6534178 1041259  995242  945662]
1311,1751,[1082185 1119261 1133926 9802540 1135959]
1312,1752,[ 985119 1033615 1131344 1082185 1065593]
1313,1753,[1082185  995242 1063207 1133018  844179]
1314,1754,[1082185  843911 6534178 1043590 1139569]
1315,1755,[1082185 1116671 6534178  995242  933934]
1316,1756,[1082185  824005 6534178  923746  995242]
1317,1758,[1082185 6534178  995242 8090521 9931450]
1318,1759,[1082185  839419 1003188  995242 1013321]
1319,1760,[1082185  995242 6534178 1029743  908531]
1320,1761,[1082185 6534178  995242 1043590  914190]
1321,1762,[1082185 6534178  824005  952317  914190]
1322,1763,[6534178 1082185 1084036  871611 1041259]
1323,1764,[ 941313 1120307 6534178 1082185 1027102]
1324,1765,[1082185  908531  995242  859075 8090521]
1325,1766,[1043590 1082185  832678  995242  994928]
1326,1767,[1082185  995242  908531  847982 1133018]
1327,1768,[1082185 6534178  995242 1029743 1133018]
1328,1769,[ 1031740   920191 13416117 12731544  6534178]
1329,1770,[1010051 1082185 6534178  824005 1041259]
1330,1773,[6534178 1082185 1000237 6533889  913210]
1331,1774,[1082185  990797 1006483 6534178  995242]
1332,1775,[ 6534178  1082185   959482  9911484 12524323]
1333,1776,[1082185 1068562  995242 1026118  824005]
1334,1778,[1082185 6534178  995242  981760 1029743]
1335,1779,[1082185  995242 1133018 1125391 1058997]
1336,1780,[1082185  995242  985119 1133018 1033615]
1337,1781,[1082185 6534178  848071  824005 1028816]
1338,1783,[1082185  995242 6534178 1029743 6034857]
1339,1784,[1082185 6534178  824005 1041259 1028816]
1340,1785,[1082185 1028816  995242 6034857  979707]
1341,1787,[1043590  995242 1082185 1133018  845109]
1342,1788,[1018942  968882  879054  950271 1009918]
1343,1789,[1082185  995242 6534178 6979427  985119]
1344,1790,[13213567   819978  1082185   997096  6979594]
1345,1791,[1082185  894236  854607  995242 6534178]
1346,1792,[ 898063  880888 1082185  906917  995242]
1347,1793,[1082185  939636  995242 1003188  969866]
1348,1794,[ 1082185   995242  5981267  6534178 10344585]
1349,1795,[15927622   861445 17168855   863802  1135460]
1350,1796,[1082185 6534178  995242  824180 1134522]
1351,1797,[ 824180 1082185  926206  829621  847982]
1352,1798,[1082185  847982  995242  908531 1117514]
1353,1800,[6534178 6533889 1082185 1057260 9859182]
1354,1801,[1082185 6534178  995242 1116635  981760]
1355,1802,[6533394  944938  840255 6534178 1082185]
1356,1803,[ 939860  826690  864214 1138292 6534178]
1357,1804,[ 975214  937626  823704  946788 6534178]
1358,1805,[6534178 1082185 1063207  819978  880888]
1359,1806,[1082185  995242 6534178 1029743 1133018]
1360,1807,[ 929178 1082185 1112825 1041259 6534178]
1361,1808,[1082185 6534178  894236 1063207  834484]
1362,1809,[1082185  899580  825753  995242 6034857]
1363,1810,[1082185  903529 6534178 1098284  864893]
1364,1811,[6534178 1082185  842423 5585510  981760]
1365,1812,[1082185  923208 5590158 5591490  995242]
1366,1814,[ 433372 1028891  397896  824005   27658]
1367,1815,[ 895502 1082185 6534178 1046689  995242]
1368,1816,[1082185  995242 6534178  938858 1133018]
1369,1817,[1082185  995242 6534178 1029743 1126899]
1370,1818,[1082185  985119  995242 1033615 6534178]
1371,1821,[1082185  963868  995242 6534178 1116671]
1372,1822,[1082185  995242  985119 1122358 1133018]
1373,1823,[ 902167  992065 1083043 1082185 1132464]
1374,1824,[1082185  995242  908531  862010  995785]
1375,1826,[ 908531  859075 1022003  995242 1082185]
1376,1829,[1082185 1039682 1092165 6534178  995785]
1377,1831,[1082185 1101706 6534178  824005 1010676]
1378,1832,[1082185 1027569  996009 1101010  995242]
1379,1833,[1082185  871756 1055646  995242  908531]
1380,1835,[1082185 1076199  824005  988206 1015067]
1381,1836,[1082185 6534178  879528  862010  824005]
1382,1837,[  965842 13842088 13213204   870428   835630]
1383,1838,[1082185 6534178 9524291  995785  995242]
1384,1839,[ 887526  884145  914492 1132018 8118797]
1385,1841,[1135822  925350 1082185 1033220 6534178]
1386,1843,[1082185 6534178  940947 1101010 1029743]
1387,1844,[1033220 1082185 6534178  834484  872137]
1388,1845,[1082185 1044873  995242 6534178  820165]
1389,1846,[1082185  995242 6534178 1055646  908531]
1390,1847,[1131115  990797 1082185 6534178  929018]
1391,1848,[1082185 6534178  879373  999599  995785]
1392,1849,[1082185 1003188  995242  859010 1055646]
1393,1850,[1082185 1033220  985999 5578547 6534178]
1394,1853,[1082185 5995692  995242 6534178 1137346]
1395,1854,[9245046 1082185 1077975 9245004 6534178]
1396,1856,[1082185  995242  976998 1003188  866227]
1397,1857,[1082185  995242 6534178  908531 1137346]
1398,1858,[13213239  1082185  8119101   995242  6534178]
1399,1861,[1082185  985119  870547  995242 1055646]
1400,1862,[1082185  848071 6534178 1033220 1025650]
1401,1864,[13381648 14024857   894570 13213195   965842]
1402,1865,[1082185 1098435  999391 1045150  820165]
1403,1867,[1082185 6534178  995242  995785 1029743]
1404,1868,[ 846823 1082185 1131344  995242 1133018]
1405,1869,[ 1082185   913210   834117 12263788   995242]
1406,1871,[1082185 1062002  995242 1055646 1028816]
1407,1872,[9707461 1082185 6534178 1000237 1055425]
1408,1873,[5995503 5995692 1082185  968932 1135768]
1409,1876,[ 995242 6534178  895930  834833  908531]
1410,1877,[1082185 6534178  995242  981760 1122358]
1411,1879,[ 854646 1077975  828867 1070803 1121694]
1412,1880,[1061220 1082185  985119  995242 1055646]
1413,1881,[1132198 1082185 6534178 1109014  995242]
1414,1882,[1082185  995242 6534178 5568378 5569327]
1415,1883,[5995692 1085476 1108092 1082185 1058554]
1416,1884,[1082185 6534178  995242  820301  844179]
1417,1885,[6534178 6533889  999104 5978656 1082185]
1418,1886,[1082185 1041259 6534178 1055646  995242]
1419,1887,[1082185 1055646  995242  878996 1041259]
1420,1889,[1082185  824005 6534178  995242 1041259]
1421,1890,[1082185 1033220 1041259 6534178  995242]
1422,1891,[1082185  827079 6534178  916487  878996]
1423,1892,[1082185  985119 6534178 1033615  995242]
1424,1895,[ 6534178 12263408  1055646   826249  1101010]
1425,1896,[  819978  1055646 12263788  1082185  1013321]
1426,1898,[1082185 1057260  995242 6534178 1029743]
1427,1899,[1046689  833598 1006342 1082185 1054819]
1428,1900,[ 901062  972665  904959 1081519 1116376]
1429,1901,[1082185  985119  995242 6534178 1051305]
1430,1903,[1082185  995242 1133018 5569327 1101010]
1431,1904,[ 995242 1082185 1133018 5568378 1055646]
1432,1906,[ 878445  871633 1006342 1046756 1082185]
1433,1907,[1126738  831223  819978 1125601  975938]
1434,1909,[ 995242 1082185  985119 1033615 1133018]
1435,1911,[1082185 6534178  995242 5585735 5588666]
1436,1912,[ 860651  904105  988736 1082185  935200]
1437,1914,[ 874404  894439  892573 1077133 1091858]
1438,1916,[ 983936  907128 6979427 1082185  995242]
1439,1917,[1128206  975085 1088191 1003188  949311]
1440,1918,[1082185 6534178  995242  824005 1029743]
1441,1919,[1082185  995242 1055646  908531 6534178]
1442,1920,[1082185  908846 6534178 1019643  880427]
1443,1922,[1082185  995242 6534178 5586076 5585735]
1444,1923,[1082185  901062  965842 6534178  908846]
1445,1924,[ 965772 1082185 1067695 1097001 1132956]
1446,1925,[1082185 6534178 1041259 1028816  995242]
1447,1926,[1082185 6534178  901062 6533889  908846]
1448,1927,[1082185 6534178  870547  995242 1130858]
1449,1928,[1104205 1019078  908504 1082185 1125199]
1450,1929,[1082185  903325 1055646  870547  995242]
1451,1930,[1082185 1023196 6534178  995242 9297062]
1452,1931,[1082185 1130858  985119 6534178 1055646]
1453,1932,[5978656 6534178 5978648 1082185 1040807]
1454,1935,[15716336 15716098 15716072   853449  9527120]
1455,1936,[1082185  926905 1016800 6534178  995242]
1456,1937,[1054814 1028816 1066518 1017041 1026712]
1457,1939,[1082185  928932 6534178  995242  926905]
1458,1940,[ 950118 1010582 1033220 1137304 1062002]
1459,1941,[ 896369 1133018 1044078  870547 1082185]
1460,1942,[ 819840 5569792 1082185  908846 6534178]
1461,1943,[1082185  995242 6534178 1029743 1133018]
1462,1944,[12731436   847207  1006342  1082185  1028816]
1463,1945,[1082185 6534178  995242  834484 5568378]
1464,1946,[13417853 10344585  1082185  6534178   995242]
1465,1947,[  937626   901776  1082185 13115407  1028938]
1466,1948,[1116821  901452 1062002 1082185 1033220]
1467,1949,[1082185  995242 6534178  985119 1029743]
1468,1950,[1082185  995242 1055646 1044078  923746]
1469,1951,[1082185 6534178  824005  995242  834484]
1470,1952,[1082185 6534178 1122358  995242  917033]
1471,1953,[1082185 6534178  995242 1028816 1057260]
1472,1954,[1082185 1028816  995242 6534178  965267]
1473,1955,[1082185 6534178  995242 1003188 1029743]
1474,1956,[1082185 6534178  938700 5978656  995242]
1475,1957,[1082185 9245108  919534  995242 6534178]
1476,1958,[1082185  995242 1028816 1133018 1044078]
1477,1959,[1082185 6534178  819978 1040807  938700]
1478,1960,[1082185  918335  859075 6534178  874972]
1479,1961,[ 995242 1082185 5569327  947798 1031864]
1480,1962,[1082185 6534178  833724  834484  995242]
1481,1963,[1082185  839419  995242  903325  921744]
1482,1964,[ 905913  976998 1044078  995242 1082185]
1483,1965,[1082185 6534178 1003188  840361  883404]
1484,1966,[1082185 1028816  976998  995242  834484]
1485,1967,[1122358 1082185  976998  995242  953476]
1486,1968,[9707137 7410215 7410290 7410016 7409971]
1487,1969,[ 908531  995242 1044078 1106301 1082185]
1488,1970,[1082185  995242  985119 1133018 1033615]
1489,1971,[1082185 6534178  938700  995242  834484]
1490,1975,[1110244 1082185  879699  868319  883003]
1491,1976,[1082185 1062966 1019637  995242 1133018]
1492,1978,[1082185 1059236  923746  995242  840361]
1493,1979,[1082185  995242 6534178 1028816  834484]
1494,1981,[1082185  995242  903325 1044078 1133018]
1495,1982,[1082185 6533889 1028816  995242  923746]
1496,1983,[1082185 6534178 5978656 1040807  940947]
1497,1985,[1132231 1082185  995242 8116306 6534178]
1498,1987,[1389474 1058997 1202664  844179  858302]
1499,1988,[1082185  987562  874972 1069538 6534178]
1500,1989,[  859063 10284946  1082185   900842  1117143]
1501,1990,[ 856942 1082185 6534178  995242  824305]
1502,1991,[1082185  926905  995242 1016800 1044078]
1503,1992,[1082185  821083 6534178 1057260 1028816]
1504,1993,[1082185  870547  995242 1133018 1044078]
1505,1994,[1082185  995242  859276  903325 1029743]
1506,1995,[ 1082185 13944905  5566309   881859  9677236]
1507,1996,[1082185 6534178 6533889  840361  834484]
1508,1997,[1082185  821083 1033347 1028816 6534178]
1509,1998,[ 908531  827683 1044078 1133018 5592931]
1510,1999,[1082185  995242 1133018 1065593 1044078]
1511,2000,[1082185  995242  870547 1044078  859075]
1512,2001,[1082185 6534178  995242 9677236 1029743]
1513,2003,[ 1082185 10344585   995242  1050229  1133018]
1514,2004,[1020175  904813 7147783 1082185 9803545]
1515,2005,[1082185  995242 1133018  985119  953476]
1516,2006,[1082185 6534178 5978656 5574377  995242]
1517,2007,[6534178 5978656 1082185 1064574  938700]
1518,2008,[1082185 6534178  995242 5978656  883404]
1519,2010,[1082185 6534178 5978656  883404  995242]
1520,2011,[1082185 6534178  995242  883404 5978656]
1521,2012,[1082185 6534178 5978656  995242  868645]
1522,2014,[ 870547  845537  995242 1082185  908531]
1523,2015,[ 905436 1082185  823704  995242 6534178]
1524,2016,[ 846823  995242 1044078 1082185  908531]
1525,2017,[1082185  921744  859010 1055646 1081177]
1526,2018,[1015375 1082185 1015296 6534178 1028816]
1527,2019,[1082185  995242 6534178  927191  833025]
1528,2020,[ 921836 1127179  866012 1082185 6534178]
1529,2021,[1082185 6534178  995242 5978656 1101010]
1530,2022,[ 6534178  5978656  1082185 13944905   923746]
1531,2023,[1107553 1082185 6534178 1085604 1073150]
1532,2025,[6534178 1082185  995242  914190  951590]
1533,2026,[1082185  995242  999270 6534178 5978656]
1534,2027,[1082185  995242  985119  914190 1033615]
1535,2028,[1097661 1082185 6534178  995242 5978656]
1536,2029,[1072523 6534178 1082185  858189 5978656]
1537,2030,[1082185 1055646  995242  849843  903325]
1538,2031,[ 995242  857849 1055646 1133018  898980]
1539,2032,[6534178 5978656 1055646 1082185  995242]
1540,2033,[1082185 6534178 6534166 6533889  999104]
1541,2034,[1082185 1055646  995242 1044078  923746]
1542,2036,[  977780   998444  1082185   925854 15595979]
1543,2037,[1082185  995242 1055646  903325 1122358]
1544,2038,[1082185 6534178 1085604 1055646  840361]
1545,2039,[1082185  857849  849843  995242  923746]
1546,2040,[ 995242 1044078 1133018 1082185  840361]
1547,2041,[1082185 6534178  917033 1008814  923746]
1548,2042,[8273950 1117556 1114251  933835 1082185]
1549,2043,[ 894439 8205218  995242  849843 1101010]
1550,2046,[1082185 6534178 1055646  933835  995242]
1551,2047,[1082185 6534166 6534178 1013321  899624]
1552,2048,[6534178 1082185 1106523 1029743  995242]
1553,2049,[1082185 6534178  933835  899624 1055646]
1554,2050,[1082185 1055646  923746 6534178  845208]
1555,2055,[1097661 1097704 8119231  845715 7168463]
1556,2056,[1082185  995242 6534178  899624 1096036]
1557,2057,[1082185 6534178  899624 1055646  995242]
1558,2058,[ 1116050 12731436  1082185  1006342  6533889]
1559,2059,[1082185 6534178 1055646  899624  995242]
1560,2060,[6534178 1082185 1029743 1101010  995242]
1561,2062,[1082185 1055646  995242 1133018  899624]
1562,2063,[1082185 1055646  866227  923746  915874]
1563,2064,[1056651 1082185  940510 1095275  985999]
1564,2065,[1082185 6534178  995242 8090521 8090537]
1565,2068,[1082185 1050229  995242 1055646  961554]
1566,2070,[1082185  995242 6534178  834103  961554]
1567,2071,[1082185 1055646  995242 6534178 1029743]
1568,2072,[1082185  995242 1055646  899624  961554]
1569,2075,[1082185  995242 6534178  925626  899624]
1570,2076,[1082185 1059823 1098844  963868  855310]
1571,2077,[1082185 6534178 1117514  995242 6534166]
1572,2079,[1082185 1028816 6534178 1055646 1004906]
1573,2080,[1082185 1077600  995242  871337 1055646]
1574,2081,[1082185 6534178  927191  995242 1004906]
1575,2082,[1082185  985999 1055646 6534178 1028816]
1576,2083,[ 944809 1113721 1082185  941198  911614]
1577,2084,[1082185 6534166 6534178  995242 1110142]
1578,2085,[1082185  933835 1101010 6534178 1055646]
1579,2086,[1082185 6534178  995242 5978656 1055646]
1580,2087,[1082185 6534178  995242  899624 5978656]
1581,2088,[1082185 6463658 9526563  913202 1055646]
1582,2089,[1082185  995242  826249 1133018 1055646]
1583,2090,[1082185  995242  826249 1133018 1013321]
1584,2091,[1082185  995242 6534178  826249 1055646]
1585,2094,[1082185  995242 6534178  826249 1011884]
1586,2095,[ 824555  822241  845537  900491 1013321]
1587,2099,[6534178 1082185  933835 1101010 1029743]
1588,2100,[ 896617  944534 1013321  995242 1082185]
1589,2101,[1082185 1101010 6534178  995242 1055646]
1590,2102,[ 1082185   926206 12731436   908318  6534178]
1591,2103,[1082185 1057260 1055646  995242 1028816]
1592,2105,[1082185  995242  898980  995785 1133018]
1593,2108,[1082185 1055646  995242  923746  899624]
1594,2109,[1026439 1082185 1131344  933067  995242]
1595,2110,[8066803 1098844 1127179 1082185 9245040]
1596,2111,[1082185 6534178  995242 1029743  995785]
1597,2112,[1082185 1055646 6534178  995242  961554]
1598,2114,[ 1082185   907099 15596094   933835   995242]
1599,2115,[1082185 6534178  951197 1029125 1000237]
1600,2116,[6533581 1082185 1087788 1098844 6534178]
1601,2119,[1082185 1055646  995242  961554  896369]
1602,2120,[ 511273  480014  486782  678746 9336338]
1603,2121,[ 1082185  6534178  1028816  1057260 12263788]
1604,2122,[1082185  995242 1055646 6534178 1029743]
1605,2123,[  951009  1082185   824180 10285454  1076199]
1606,2124,[ 920900 9803591 1082185 6534178  895540]
1607,2125,[1082185 6534178 1138443  843464  866211]
1608,2126,[ 1126711  1082185 13944858   987838  6534178]
1609,2129,[1082185  995242 1133018 6534178 1029743]
1610,2130,[1082185 6534178 1044078  834484 1038217]
1611,2131,[1082185 6534178 9803545  995242 1055646]
1612,2132,[1082185 1055646 6534178  995242  995785]
1613,2133,[1082185 1107661  904105 6534178 1057949]
1614,2134,[1082185 6534178  824005  995785  995242]
1615,2135,[1082185  987838  922127  824005 1055646]
1616,2136,[1082185 6534178  820165  824005  995242]
1617,2137,[1082185 1055646 6534178  995242  995785]
1618,2138,[1082185  995242 6534178  961554 1029743]
1619,2139,[1082185  957374 6534178  995242 1101010]
1620,2141,[ 897671 1110244 1082185  983753 6534178]
1621,2142,[1082185  923169  995242  831063  831712]
1622,2145,[1082185 6534178  933835 1029743  995242]
1623,2146,[1082185 6534178  995242 1110244 5978656]
1624,2147,[1082185  820165 1026118 1055646  834484]
1625,2148,[ 892144  932182  895930  938597 1101010]
1626,2149,[ 995242 1082185  834484  862349  820165]
1627,2151,[ 913202  878302 9527487 1082185  995242]
1628,2153,[1082185  847982 1055646 6534178  995242]
1629,2154,[1082185  820165 6534178  834484  995242]
1630,2155,[1082185 1115800  995242  857849 1026118]
1631,2156,[7409957  846241 1082185  886481  892221]
1632,2158,[1082185  820165 1055646 6534178  995242]
1633,2159,[1082185 6534178 1001148  959409 6533765]
1634,2160,[ 874972 1000753 6534178  938138 1082185]
1635,2161,[1082185 6534178 6534166 6533889  940947]
1636,2162,[15596112   862915   847241   987311  9859128]
1637,2163,[ 862349 6534178  995242 1082185 1101010]
1638,2167,[1082185  995242 1133018  961554  849843]
1639,2168,[1082185  979707 1044078 1013321  995785]
1640,2169,[1082185 6534178  995242 1055646 5978656]
1641,2170,[1013928 1082185 7160764  995242 1133018]
1642,2171,[  905998   927265  1081533 12554515  1023196]
1643,2172,[1082185 6534178 1057260 1028816  995242]
1644,2173,[1082185 6534178  995242 1101010 1132771]
1645,2174,[1133018 1044078  995242 1082185  908531]
1646,2175,[1082185 6534178  938596 1013321  995242]
1647,2176,[1082185  844759  995242 6534178 1029743]
1648,2179,[1082185 6534178 1028816  908318  995242]
1649,2181,[1082185 6534178  820165  908318  995242]
1650,2182,[1082185  995242 6534178  993638 1029743]
1651,2183,[1082185 6534178 1028816  995242 5978656]
1652,2184,[1082185 1073150 6534178 1085604  879755]
1653,2185,[1089225 9526673  925145  879699  953180]
1654,2186,[1082185  979707 6534178  995785  870547]
1655,2188,[1082185  995785  913210  995242  979707]
1656,2189,[1082185 6534178  979707  913210  981760]
1657,2190,[1082185  995785  819978 1039156  979707]
1658,2193,[1082185 1055425  995785 1104414  979707]
1659,2194,[ 1082185 12384629  1062128  5568378   995785]
1660,2195,[1082185  979707  995785 1098844  995242]
1661,2196,[1082185  999104  995242 1044078  979707]
1662,2197,[1082185 1039156  995785 6534178  981760]
1663,2198,[13842214 13842090 13842088   995785  1082185]
1664,2199,[ 1082185   995242   913210   933835 12263788]
1665,2200,[1082185  823704  933835  995242  995785]
1666,2202,[1082185 6534178  979707  995785  933835]
1667,2203,[ 1027569  6534178  1082185 12731571   999104]
1668,2204,[1082185  898980  857849 1044078  995242]
1669,2205,[ 938849  954077  926318  885463 1101721]
1670,2206,[1082185  995242 1055646 1133018  979707]
1671,2207,[1082185  995242  969866 1133018 1044078]
1672,2208,[1082185  995785  981760  990797  961554]
1673,2209,[1082185 6534166  824005 6534178  995785]
1674,2211,[1082185  951703 1041259  871433  845715]
1675,2212,[1133018  861445  903230  948420 9527487]
1676,2213,[1082185 1041259  824005  995242  933835]
1677,2214,[1082185 6534178  995785  981760  995242]
1678,2215,[ 819840 1082185 1041259  995785  995242]
1679,2217,[1082185 1028816  995785  995242  981760]
1680,2221,[7410320 7410321 1120261 9526630  900610]
1681,2222,[1082185  961554  995785 6534178  995242]
1682,2223,[1082185  995242 1133018  981760 6534178]
1683,2224,[1097761  829621  846202 1082185  922318]
1684,2225,[1046756  997506 1003441 1082185 1041259]
1685,2226,[1082185 6534178  995785  995242  981760]
1686,2228,[1082185 6534178 5585510  979707 1101010]
1687,2229,[1041259  895070  893739  890612  880253]
1688,2231,[1041259 1082185  961554  945273  870780]
1689,2233,[1041259  885463 1082185  961554 6534178]
1690,2234,[ 827578  915493 6534178  984315  854754]
1691,2235,[ 857130 1082185 6534178  908318 6534166]
1692,2237,[1082185  961554  921744  995785  979707]
1693,2238,[1082185  961554  849843  995242  846823]
1694,2239,[1082185 6534178 1101010  899624  995242]
1695,2240,[1082185 6534178  899624  938700  883404]
1696,2241,[ 995242 1082185 1080414 1055646  849843]
1697,2243,[1139651  839419  938700  874972  899624]
1698,2244,[ 846823 1131344 5569327  839147 1080414]
1699,2245,[1082185  951703  951102  871433  995242]
1700,2247,[ 836445 1082185  866211 6534178 1000753]
1701,2248,[1082185 6534178  995242  961554 1133018]
1702,2250,[1082185 6534178 1013321  938700 1101010]
1703,2252,[1082185 6534178  916767  995242  871162]
1704,2253,[ 995242 1082185  947798 1133018  849843]
1705,2256,[1082185 6534178  995242 1404121 1029743]
1706,2257,[1126465 1104349 1082185 6534178 6534166]
1707,2258,[1082185 1062128 6534178 1041259  979707]
1708,2259,[6533765 1062966  908531  910673 1044078]
1709,2260,[15452677 15452396 15452531 13842214  1082185]
1710,2261,[ 940996 1082185  975085  938700 1061220]
1711,2262,[6773232  976998 1019247 1082185  995242]
1712,2263,[1082185 1003188  979707  820165  927191]
1713,2264,[13095558  5566472 10457044 10457177  1082185]
1714,2266,[ 836647  922444 1040829 1082185  845715]
1715,2267,[1082185 1041259 6534178  913210  995785]
1716,2269,[1082185 6534178  995242  995785 1092937]
1717,2270,[1003188 1082185  857849 5566804  866211]
1718,2271,[ 995242 1082185 1044078  890610  908531]
1719,2272,[15596112  1045586  1082185  6534178  1101010]
1720,2273,[1082185  899624 6534178  916122  995242]
1721,2274,[ 819840 1082185 1009449 1072523 1101010]
1722,2275,[ 938700 1082185  929668 1026118 1013321]
1723,2276,[ 976998 1082185  995242  849843  953476]
1724,2277,[1082185 1070015  995242 1111072  927191]
1725,2278,[1082185 6534178  915493  878996  824005]
1726,2279,[1082185  995242 1133018  976998 1055646]
1727,2280,[1112212  972665  889511 1082185 1000672]
1728,2281,[ 1060705 15452179  1080853  1082185 13417761]
1729,2282,[1041259  874149  987838  908846 1018050]
1730,2283,[1082185  913210 6534178 1085604  878996]
1731,2284,[1082185 1044259 9677670 1075170 6534178]
1732,2285,[1134633 1082185  903325  995242  824005]
1733,2287,[1082185 6534178  995242 5568378 1133018]
1734,2288,[1082185 6534178  979707  995242 1038217]
1735,2289,[1082185 6534178  995242  913210 1133018]
1736,2290,[1082185 6534178 1101010  995242 1080414]
1737,2291,[6979427  938849  923208 1039156 1133018]
1738,2292,[1082185  995242  916767  871162  839849]
1739,2293,[1082185 6534178 1018822  866211 6039859]
1740,2294,[1082185 6534178  995242 5978656 5568378]
1741,2295,[1082185  995242 6534178  899624  871756]
1742,2296,[1082185 1124207  941943  995242  971165]
1743,2297,[1009449 1082185  995242  903325 1041259]
1744,2298,[1082185  995242 6534178  899624  871756]
1745,2299,[ 936914 1091858 1006187 1124674 1107089]
1746,2300,[1082185  921744  835558  995242  962568]
1747,2301,[1082185 6534178  995242 1013321 1037840]
1748,2302,[1082185  995242  844179 5568378  856252]
1749,2303,[1082185 6534178 1101010  979707  951590]
1750,2305,[1082185 1069039 1024032  965530  995242]
1751,2307,[1082185 1070845  995242 5584027 5582789]
1752,2308,[1082185 1028816 6534178  878996  995785]
1753,2310,[1077975 1082185  995242  844179  866211]
1754,2312,[1065080 1046336  880310 1082185  849205]
1755,2314,[ 908346  997506 1003441  972569 1093359]
1756,2315,[1082185 1039156  981760 6534178  995242]
1757,2317,[1082185 9677102  933835 6534178  995242]
1758,2319,[1082185  995242  844179 1133018 5569327]
1759,2322,[ 1044259 13417954   976293   903800  1082185]
1760,2323,[1082185 1039156  826249  995242  981760]
1761,2324,[1082185 1057260  967760  995242 1012913]
1762,2328,[ 887078 1109136 1027849  965555  988202]
1763,2330,[1082185 6534178 5978656  845208  979707]
1764,2331,[1082185  822407 5568378  856252  844179]
1765,2333,[ 871756  908531  914190 1133018  995242]
1766,2334,[1082185 1102416 1075368  995242  844179]
1767,2335,[1082185  995242 1133018  923208 6534178]
1768,2336,[1082185  995242 1055646 5569327 5568378]
1769,2337,[1082185  995242 1133018  878996 5568378]
1770,2338,[1082185 1023196  995242  844179  921744]
1771,2339,[1082185  995242 6534178  994928 1133018]
1772,2340,[ 979707 1058779 6534178  914190  995242]
1773,2341,[ 866211  995242 1133018 1082185 5568378]
1774,2342,[ 866548 6534178 1055646  962568  979707]
1775,2343,[1082185 6534178  995242  834117  824005]
1776,2344,[1082185 6534178  995242 1101010  962568]
1777,2345,[1082185  995242 6534178  979707 5568378]
1778,2347,[6534178 1082185  979707 1055646  845208]
1779,2349,[1082185 6534178  913210  995242  989101]
1780,2350,[1082185 6534178  995242  990797 1133018]
1781,2351,[ 1007778 10457241   864335  1056651  1089392]
1782,2352,[6534178 1082185  979707  995242  824005]
1783,2354,[1082185 6534178  824005  913210  834117]
1784,2359,[1082185 6534178 1038217  995242  833025]
1785,2360,[ 824005  834117 6534178 1083254 1082185]
1786,2361,[1138858  831937  863885 1082185 6534178]
1787,2363,[1082185 6534178  951412  824005  995242]
1788,2364,[1934187 1765104 1751840 1755715 1854750]
1789,2366,[1012701 6534178  834117 1082185  995242]
1790,2368,[1082185 6534178  995242  910032 1101010]
1791,2369,[1082185 1101010 6534178  962568  981760]
1792,2370,[10200444   993638  6534178  1070015   824005]
1793,2372,[1082185  913210 6534178  995242 1133018]
1794,2373,[1389474 1426702 1404121 1343866 1376382]
1795,2374,[1082185 6534178 1073150  962568 1101010]
1796,2375,[5585510 1082185 6534178  962568  860776]
1797,2376,[1082185 1101010 6534178  995242 1039156]
1798,2377,[ 989101 6534178  866211 1133018  896369]
1799,2378,[ 9527323 12577242 13115493 13115548 13115903]
1800,2379,[1082185 6534178  995242 1133018 1058997]
1801,2380,[6534178 1082185  845109  995242 1133018]
1802,2381,[ 954077  938849 1115929  826272 6979427]
1803,2385,[1038217  916122 8090521 8090537 1082185]
1804,2386,[ 903325 1053763 1082185 6534178 1085604]
1805,2387,[ 917033 1016800  913210  916122  908531]
1806,2388,[ 908531  916122 1038217  893018  844179]
1807,2389,[1082185  995242  844179  913210 1098066]
1808,2392,[ 844179  995242 1082185 1133018  916122]
1809,2393,[6391089 1054889  847207  982989  903325]
1810,2394,[1039156 1082185  862349 6534178  995242]
1811,2395,[9835619  949294 1041157 1134522 1082185]
1812,2397,[ 883932 1082185 1112825 1057260  865026]
1813,2399,[1082185 1038217 1133018  986912  961554]
1814,2400,[ 838186 1058779 1085604 1138189 1053763]
1815,2401,[ 819840 1082185 1133018 5585510 6534178]
1816,2404,[1082185 5982289 6034857 1495569 5668996]
1817,2405,[ 936914  821741  913785 1082185  948832]
1818,2406,[1082185 1122358  883932 6034857 1110793]
1819,2407,[1082185 6533889 1038217  995242 5588666]
1820,2408,[ 866211 1082185  908318 1106523 1138243]
1821,2410,[1082185 1037840 1075368 1133018  995242]
1822,2412,[1082185 9245462 1134522 1094955 1122358]
1823,2416,[ 1044637  1139782  1082185 12599756  1110793]
1824,2418,[1082185 1100379  908531 9245108 1050229]
1825,2420,[1082185 1001148  995242 6534178 1038217]
1826,2421,[1082185 6463937 6464105 1011046  824005]
1827,2424,[1082185 1072693  908531 1050229 1038217]
1828,2425,[ 999104 1082185 1028891 1057260  951412]
1829,2426,[1043494 1058404 1082185  995242 1029743]
1830,2427,[ 856252 1082185  875392  961554 6534178]
1831,2429,[1122358 1082185  916122  961554  962568]
1832,2431,[1082185  995242 1038217 1133018  908531]
1833,2434,[1082185  995242 1098066 1038217 1133018]
1834,2435,[1082185 1058779  896369 6534178 1038217]
1835,2437,[7409644 7409618 1082185 1117336 1051093]
1836,2438,[1107553 2045856 1987417 5993054 5707857]
1837,2439,[1082185  995242 1122358  908531  995785]
1838,2440,[1082185 6533765  981760 6534178 1038217]
1839,2441,[ 908531 1082185  883932 1023958  995242]
1840,2442,[1082185 1122358  961554  916122 6534178]
1841,2445,[ 908531  916122 1082185 1039156 1058779]
1842,2446,[1044259 1296459 1178871 1082185 1321584]
1843,2447,[ 859063  832810  855165 1107553 1082185]
1844,2448,[1121694 1020682  993638 1054402 1082185]
1845,2449,[ 908531  916122 1082185 1041259 1046262]
1846,2450,[1082185 6534178  961554 5978656 1058997]
1847,2451,[1076580 1082185 5978656  862349  995242]
1848,2452,[1113588 1082185  834833  985119 1108131]
1849,2453,[1062128 1136719  928036 1095275 1057260]
1850,2455,[1102416  983795 1131321 1082185  921504]
1851,2456,[1082185  995242  995785  961554 1058997]
1852,2457,[1082185  995242  979707  849843 1058997]
1853,2458,[1082185  961554 1041259  929668 1058997]
1854,2459,[1082185 5978656  995242  862349 6534178]
1855,2460,[1101173 1082185 6534178 5569230  866211]
1856,2461,[1098844 1101706 1041259 1082185  979707]
1857,2462,[ 863664  904241  995785 1011645  900072]
1858,2464,[1082185  995242 6534178  862349 1058997]
1859,2465,[1082185  986912 6534178  995242 1065593]
1860,2466,[1059902  836445 1101173 1053763 1036432]
1861,2467,[ 921836 1076744 1066725 1020729 1058754]
1862,2470,[1082185  979707 6534166 6533889 1041259]
1863,2471,[1082185  873654  995242 1058997 1133018]
1864,2472,[1082185 6534178  845208 1026118  995242]
1865,2475,[ 871188  871680 1110111 1088414  925282]
1866,2477,[1119051 6534178 1082185 1058997 5978656]
1867,2478,[1082185  979707  861272  996009 1019744]
1868,2479,[1100379  838712 1019028  937737 1082185]
1869,2481,[1082185 1101173 6534178  899624  981760]
1870,2482,[ 927191  849843 1082185  995242  962568]
1871,2483,[1082185  861272  995242  927191 1133018]
1872,2484,[ 839419 1074405 1082185 6534178  927191]
1873,2485,[ 849843 1082185  826249  927191  995242]
1874,2486,[1082185  979707  995242 1133018 1055646]
1875,2488,[1020770 1082185 6534178  943552  979707]
1876,2489,[1082185 6534178  995242  961554  914190]
1877,2492,[1089074  914190  995242 1133018  994928]
1878,2494,[1082185 6534178  899624 6034857  901062]
1879,2496,[ 995876 1042907 1082185 6534178 1068719]
1880,2497,[6534178 1082185  914190  899624 1074405]
1881,2498,[6534178  914190 1053690 5568378 1058997]
1882,2499,[ 914190  947798  961554 5568378 5569327]
1883,2500,[1058997  995242 1082185  843756 5569230]
1884,2325,"[6534178, 6533889, 1029743, 6534166, 1082185]"
